CRN,AXLE_CNT,CARGO_BD_TYPE,CARRIER_ADDR_1,CARRIER_ADDR_2,CARRIER_ADDR_CITY,CARRIER_ADDR_STATE,CARRIER_ADDR_ZIP,CARRIER_NM,CARRIER_TEL,GVWR,HAZMAT_CD1,HAZMAT_CD2,HAZMAT_CD3,HAZMAT_CD4,HAZMAT_IND,HAZMAT_REL_IND1,HAZMAT_REL_IND2,HAZMAT_REL_IND3,HAZMAT_REL_IND4,ICC_NUM,OSIZE_LOAD_IND,PERMITTED,PUC_NUM,SPECIAL_SIZING1,SPECIAL_SIZING2,SPECIAL_SIZING3,SPECIAL_SIZING4,UNIT_NUM,USDOT_NUM,VEH_CONFIG_CD
2007028333,99.0,8,3740 E THOMPSON ST,,PHILADELPHIA,PA,19137,ATLANTIC EXPRESS OF PHILA,9999999999.0,,,,,,N,,,,,,,,,,,,,2,99999999.0,11.0
2007045175,2.0,8,1234 MARKET STREET,,PHILADEPHIA,PA,99999,SEPTA,2155805308.0,999999.0,,,,,N,,,,,,N,,,,,,,1,88888888.0,11.0
2007047061,99.0,8,1234 MARKET ST.,,PHILADELPHIA,PA,19107,SEPTA,9999999999.0,999999.0,,,,,N,,,,,,U,,,,,,,2,99999999.0,11.0
2007056721,99.0,9,2700 CLEMENS RD,,HATFIELD,PA,19440,PV TRANSPORT,9999999999.0,99999.0,,,,,N,,,,,,N,,,,,,,2,9.0,8.0
2007096736,99.0,8,1234 MARKET ST 14TH FL,,HARRISBURG,PA,19107,SEPTA,9999999999.0,,,,,,N,,,,,,,,,,,,,2,99999999.0,11.0
2007096753,99.0,8,1350 SCHUYLKILL AVE,,PHILADELPHIA,PA,19146,PHILLY TROLLEY WORKS,9999999999.0,,,,,,N,,,,,,,,,,,,,1,99999999.0,11.0
2007098763,99.0,8,4187 NEW HOLLAND ROAD,,MOHNTON,PA,99999,LIFESTYLE LIMOUSINE,9999999999.0,,,,,,N,,,,,,,,,,,,,2,99999999.0,11.0
2007102428,4.0,7,8215 EAGLE DRIVE,,UPPER MARLBORO,MD,20772,METROWASTE INC,3016691825.0,73280.0,,,,,N,,,,,359803.0,N,,,,,,,1,809450.0,4.0
2007106953,99.0,1,18 OREGON AVE,,PHILADELPHIA,PA,19148,UPS,9999999999.0,,,,,,N,,,,,,,,,,,,,1,99999999.0,5.0
2007108006,99.0,8,1234 MARKET STREET,,PHILADELPHIA,PA,19107,SEPTA CCT CONNECT,9999999999.0,999999.0,,,,,N,,,,,,U,,,,,,,2,99999999.0,11.0
2007109136,99.0,9,7149 LEE AVENUE,,PENNSAUKEN,NJ,08110,MARTIN SALDANA,9999999999.0,,,,,,N,,,,,,,,,,,,,1,99999999.0,99.0
2007109136,99.0,8,1234 MARKET ST 14TH FL,,PHILADELPHIA,PA,19107,SEPTA,9999999999.0,,,,,,N,,,,,,,,,,,,,2,99999999.0,11.0
2007109445,99.0,8,8255 FIRESTONE BLVD,STE 502,DOWNEY,CA,90241,PCAA,9999999999.0,,,,,,N,,,,,,,,,,,,,1,99999999.0,10.0
2007112768,2.0,1,3310 75TH AVENUE,,LANDOVER,MD,20785,KEANY PRODUCE,4104333000.0,260000.0,,,,,N,,,,,,N,,,,,,,1,404782.0,3.0
2008005952,5.0,1,855 WEBBTOWN ROAD,,MAPLE HILL,NC,284547979,W I JAMES TRUCKING COMPANY,9999999999.0,800000.0,,,,,N,,,,,350651.0,N,,,,,,,2,784406.0,8.0
2008007283,99.0,9,625 E 107TH ST,,BOLINGBROOK,IL,99999,METROPOLI TRUCKING,9999999999.0,99999.0,,,,,N,,,,,,N,,,,,,,1,,8.0
2008017366,99.0,1,PO BOX 8768,1612 FILMORE AVE,ERIE,PA,16505,BIRKMIRE TRUCKING CO,9999999999.0,,,,,,N,,,,,,,,,,,,,2,,8.0
2007022488,99.0,8,705 CENTRAL AVE,SUITE 300,CINCINNATI,OH,45207,FIRST TRANSIT,9999999999.0,,,,,,N,,,,,,,,,,,,,1,99999999.0,11.0
2007099173,99.0,9,927 N MEADOW ST,,ALLENTOWN,PA,18102,ENVIRONMENTAL ENERGY,9999999999.0,25950.0,,,,,N,,,,,,,,,,,,,2,99999999.0,99.0
2007110506,99.0,8,440 N. BROAD ST,,PHILADELPHIA,PA,19130,SCHOOL DISTRICT OF PHILADELPHIA,9999999999.0,,,,,,N,,,,,,,,,,,,,1,99999999.0,11.0
2007123789,99.0,8,1234 MARKET ST 14TH FL,,PHILADELPHIA,PA,19107,SEPTA,9999999999.0,,,,,,N,,,,,,,,,,,,,2,99999999.0,11.0
2008053056,99.0,8,1 PENN PLAZA,,NEWARK,NJ,07105,NJ TRANSIT CORP,9999999999.0,,,,,,N,,,,,,,,,,,,,1,,11.0
2008053183,99.0,1,UNKNOWN,,UNKNOWN,IA,99999,CONWAY FREIGHT,9999999999.0,,,,,,N,,,,,,,,,,,,,2,,99.0
2007080816,3.0,4,1750 WALTON RD,,BLUE BELL,PA,19425,SONS,6108328600.0,73280.0,,,,,N,,,,,,N,,,,,,,2,1007071.0,4.0
2007081556,5.0,1,8501 RIVER RD,,PENNSAUKEN,NJ,08110,NORTHSTAR,8566656556.0,800000.0,,,,,N,,,,,,N,,,,,,,1,491310.0,8.0
2007082269,99.0,1,1201 JOHNSON RD,,UNKNOWN,KY,40342,SCOTT RAYMOND,9999999999.0,,,,,,N,,,,,,,,,,,,,3,99999999.0,8.0
2007105924,99.0,8,1234 MARKET ST 14TH FL,,PHILADELPHIA,PA,19107,SEPTA,9999999999.0,,,,,,N,,,,,,,,,,,,,2,99999999.0,11.0
2007027986,99.0,1,4100 SOUTH COUNCIL,,UNKNOWN,ZZ,99999,J B HUNT TRANSPORT,9999999999.0,,,,,,N,,,,,,,,,,,,,1,99999999.0,5.0
2007047674,99.0,8,1234 MARKET ST,,PHILADELPHIA,PA,19107,SEPTA,9999999999.0,999999.0,,,,,N,,,,,,U,,,,,,,1,99999999.0,10.0
2007048278,2.0,8,1234 MARKET ST,,PHILA,PA,19107,SEPTA,9999999999.0,99999.0,,,,,N,,,,,,N,,,,,,,1,9.0,11.0
2007083429,99.0,8,1234 MARKET ST 14TH FL,,PHILADELPHIA,PA,19107,SEPTA,9999999999.0,,,,,,N,,,,,,,,,,,,,2,99999999.0,11.0
2007090799,99.0,4,UNKNOWN,,UNKNOWN,ZZ,9999,UNKNOWN,9999999999.0,,,,,,N,,,,,,U,,,,,,,2,99999999.0,99.0
2007095794,2.0,8,1234 MARKET 14TH FL,,PHILADELPHIA,PA,19107,SEPTA,2156695168.0,,,,,,N,,,,,,N,,,,,,,2,99999999.0,11.0
2007124143,99.0,8,1234 MARKET ST,,PHILADELPHIA,PA,19153,SEPTA,9999999999.0,999999.0,,,,,N,,,,,,N,,,,,,,2,,11.0
2007046296,99.0,9,UNKNOWN,,UNKNOWN,ZZ,99999,UNKNOWN CARRIER,9999999999.0,999999.0,,,,,N,,,,,,U,,,,,,,3,99999999.0,9.0
2007047554,2.0,9,LP POB 405,RT 10 GREEN HILLS,READING,PA,19603,PENSKE TRUCK LEASING CO,,14500.0,,,,,N,,,,,,N,,,,,,,1,999999.0,3.0
2007047554,,8,,,PHILADELPHIA,PA,,SOUTHEASTERN PENNSYLVANIA TRANSP,9999999999.0,,,,,,N,,,,,,,,,,,,,2,99999.0,11.0
2007047918,99.0,8,2531 E STATE ST,,TRENTON,NJ,08619,STARR TRANSIT CO,9999999999.0,,,,,,,,,,,,,,,,,,,2,99999999.0,99.0
2007058144,99.0,8,20 WELDON DR,,DOYLESTOWN,PA,18901,CENTRAL BUCKS SCHOOL DISTRICT,9999999999.0,,,,,,,,,,,,,,,,,,,4,99999999.0,99.0
2007064500,99.0,8,1234 MARKET ST 14TH FL,,PHILADELPHIA,PA,19107,SEPTA,9999999999.0,,,,,,N,,,,,,,,,,,,,1,99999999.0,11.0
2007068134,5.0,1,6000 CLAY AVE SW,,GRAND RAPIDS,MI,49548,GAINEY TRANSPORTATION SRVCS INC,6165308558.0,80000.0,,,,,N,,,,,,N,,,,,,,1,275779.0,8.0
2007080026,99.0,2,1713 N. MAIN RD,,VINELAND,NJ,083621010,SAMUEL CARALUZZO CO. INC.,9999999999.0,,,,,,N,,,,,,,,,,,,,2,99999999.0,6.0
2007080207,99.0,8,1234 MARKET ST 14TH FL,14TH FLOOR,PHILADELPHIA,PA,19107,SEPTA,2155806407.0,,,,,,N,,,,,,U,,,,,,,1,99999999.0,11.0
2007081009,99.0,1,3910 TULIP TREE,,PRINCETON,IN,47670,LEASEWAY MOTORCAR,9999999999.0,,,,,,N,,,,,,,,,,,,,2,99999999.0,99.0
2007081492,99.0,8,734 SCHUYKILL AVE,,PHILADELPHIA,PA,19146,SCHOOL DISTRICT OF PHILADELPHIA,9999999999.0,999999.0,,,,,N,,,,,,U,,,,,,,1,99999999.0,11.0
2007094372,3.0,1,6610 DEER ROAD,,CHERRY HILL,NJ,08034,AQUAQULS,8564299911.0,800000.0,,,,,N,,,,,258158.0,N,,,,,,,2,502313.0,8.0
2008001915,5.0,1,535 SECAUCUS RD,,SECAUCUS,NJ,07094,KEYSTONE FREIGHT,2013301900.0,800000.0,,,,,N,,,,,,N,,,,,,,2,189169.0,8.0
2008018859,99.0,4,1035 ANNA RD,,HUNTINGDON,PA,19006,JACKOWSKI CONTRACTORS INC,2157288489.0,,,,,,N,,,,,,U,,,,,,,1,99999999.0,9.0
2008019696,99.0,1,1250 GLEN AVE,,MOORESTOWN,PA,08057,COCA COLA BOTTLING CO,9999999999.0,,,,,,N,,,,,,,,,,,,,1,99999999.0,5.0
2008024447,99.0,8,UNKNOWN,,UNKNOWN,ZZ,99999,UNKNOWN,9999999999.0,,,,,,N,,,,,,,,,,,,,1,99999999.0,11.0
2007047060,99.0,8,1234 MARKET STREET,,PHILADELPHIA,PA,19107,SEPTA,9999999999.0,999999.0,,,,,N,,,,,,U,,,,,,,2,99999999.0,11.0
2007047128,99.0,8,POB 167 700 ASHLAND AVE,,FOLCROFT,PA,19032,DELAWARE COUNTY TRANSPORTATION S,9999999999.0,999999.0,,,,,N,,,,,,U,,,,,,,2,99999999.0,11.0
2007048971,5.0,1,9400 NW 10TH ST,,OKLAHOMA CITY,OK,73127,SWIFT TRANSPORTATION,5122170883.0,80000.0,,,,,N,,,,,,N,,,,,,,1,54283.0,8.0
2007049018,99.0,8,1234 MARKET ST 14TH FL,,PHILA,PA,99999,SEPTA BUS OPERATIONS,9999999999.0,999999.0,,,,,N,,,,,,N,,,,,,,1,99999999.0,11.0
2007077826,3.0,1,3101 S PACKERLAND DR,,GREEN BAY,WI,543062545,SCHNEIDER NATIONAL CARRIERS,80044.0,80000.0,,,,,N,,,,,,N,,,,,,,1,264184.0,4.0
2007092064,99.0,1,15 E OREGON AVE,,PHILADELPHIA,PA,19148,UPS,9999999999.0,,,,,,N,,,,,,,,,,,,,2,99999999.0,5.0
2007107902,4.0,1,1232 DUTCH MILL RD,,NEWFIELD,NJ,08380,RLS TRANSPORT INC,6095014800.0,800000.0,,,,,N,,,,,,N,,,,,,,1,529732.0,6.0
2007110089,99.0,8,1001 FILBERT ST,,PHILADELPHIA,PA,19107,GREYHOUND BUS CO,9999999999.0,,,,,,N,,,,,,,,,,,,,1,99999999.0,11.0
2008018865,99.0,1,816 E EVANS ST,,TUCSON,AZ,85713,RE BARNETT & SONS TRUKING,9999999999.0,,,,,,N,,,,,,,,,,,,,1,99999999.0,8.0
2008053184,2.0,8,2905 ABOTTSFORD AVE,,PHILADELPHIA,PA,19129,PHILLY TRANSPORTATION,9999999999.0,26001.0,,,,,N,,,,,,N,,,,,,,2,,11.0
2007047008,99.0,9,410 SOUTH 8TH ST,,MITCHELL,IN,47446,HACKNEY TRUCKING,9999999999.0,999999.0,,,,,N,,,,,,N,,,,,,,1,99999999.0,8.0
2007049022,5.0,1,6003 S BOND ST,,BALTIMORE,MD,21231,NORTHEAST FOODS,4104882550.0,80000.0,,,,,N,,,,,247538.0,N,,,,,,,1,99999999.0,8.0
2007054647,5.0,1,1019 AVONDALE DR,,RED HILL,PA,18076,THEODIKER SOUNANNAVONG,2672611310.0,17000.0,,,,,N,,,,,,N,,,,,,,1,212340.0,8.0
2007067609,4.0,4,916 MARKET ST,,GLOUCESTER,NJ,08030,DAUGHTER AND SON TRUCKING LLC,8564569040.0,80000.0,,,,,N,,,,,,N,,,,,,,1,1070143.0,4.0
2007067828,5.0,1,137 BLANCHARD ST,,NEWARK,NJ,07105,E-TRANS INC,9734654633.0,80000.0,,,,,N,,,,,406295.0,N,,,,,,,1,946605.0,8.0
2007080076,99.0,1,2710 DIXIE FLYER RD,,EVANSVILLE,IN,47712,CSX TRANSPORTATION,9999999999.0,,,,,,N,,,,,,,,,,,,,1,99999999.0,99.0
2007107921,99.0,8,1234 MARKET ST,,PHILADELPHIA,PA,19070,SEPTA,9999999999.0,,,,,,N,,,,,,N,,,,,,,1,99999999.0,11.0
2007123847,2.0,7,3000 HEDLEY ST,,PHILADELPHIA,PA,19137,ALLIED WASTE SYSTEM,2157442900.0,,,,,,N,,,,,,,,,,,,,1,99999999.0,3.0
2008014362,99.0,1,2955 FELTON RD,,NORRISTOWN,PA,19401,DANELLA TRANS INC,6103139710.0,80000.0,,,,,N,,,,,,N,,,,,,,2,198722.0,7.0
2007048958,4.0,3,2500 BROADWAY BLVD Z-7,,CAMDEN,NJ,08104,MEG INC,999999999.0,46000.0,,,,,N,,,,,,N,,,,,,,1,586064.0,6.0
2007067296,99.0,8,1234 MARKET ST 14TH FL,,PHILADELPHIA,PA,19107,SEPTA,9999999999.0,,,,,,N,,,,,,,,,,,,,2,99999999.0,11.0
2007082923,99.0,8,1234 MARKET ST 14TH FL,,PHILADELPHIA,PA,19107,SEPTA,9999999999.0,,,,,,N,,,,,,,,,,,,,2,99999999.0,11.0
2007089080,2.0,8,233 HIGHLAND AVE,,AMBLER,PA,19462,ROMANOS SCHOOL BUS SERVICE,6102727671.0,,,,,,N,,,,,,N,,,,,,,1,23670.0,11.0
2007092772,99.0,8,12ST 5807145,,PHILADELPHIA,PA,99999,PHILLY CONNECT BUS,9999999999.0,,,,,,N,,,,,,,,,,,,,1,99999999.0,11.0
2007099345,5.0,1,ISYGMA DRIVE,,PRYOR,OK,74361,SYGMA NETWORK INC,7172323111.0,80000.0,,,,,N,,,,,,N,,,,,,,1,14811.0,6.0
2007113777,99.0,8,1234 MARKET ST 14TH FL,,PHILADELPHIA,PA,19107,SEPTA,9999999999.0,,,,,,N,,,,,,,,,,,,,1,99999999.0,10.0
2008029732,99.0,8,1234 MARKET ST 14FL,,PHILADELPHIA,PA,19107,SEPTA,9999999999.0,,,,,,N,,,,,,,,,,,,,1,99999999.0,11.0
2007047541,99.0,8,1234 MARKET STREET,,PHILADELPHIA,PA,19107,SEPTA,9999999999.0,,,,,,,,,,,,,,,,,,,1,99999999.0,10.0
2007048344,99.0,9,501 COTTONTAIL LANE,,SOMERSET,NJ,08873,NESTLE WATERS COMPANY,9999999999.0,99999.0,,,,,N,,,,,,N,,,,,,,1,9.0,5.0
2007049034,99.0,8,1234 MARKET ST 14TH FL,,PHILADELPHIA,PA,19107,SEPTA,9999999999.0,,,,,,N,,,,,,,,,,,,,1,99999999.0,11.0
2007049050,99.0,8,1234 MARKET STREET,,PHILADELPHIA,PA,19107,SEPTA,9999999999.0,999999.0,,,,,N,,,,,,U,,,,,,,2,9.0,11.0
2007056689,2.0,1,15 OREGON AVE,,PHILADELPHIA,PA,19148,UNITED PARCEL SERVICE INC,9999999999.0,17000.0,,,,,,,,,,,,,,,,,,2,99999999.0,3.0
2007067100,99.0,1,100 S BROAD ST 3RD FL,,PHILADELPHIA,PA,19110,CITY OF PHILADELPHIA,9999999999.0,,,,,,N,,,,,,,,,,,,,1,99999999.0,5.0
2007071365,99.0,8,3101 ORTHODOX ST,,PHILADELPHIA,PA,99999,YELLOWBIRD BUS CO,9999999999.0,,,,,,N,,,,,,,,,,,,,1,99999999.0,11.0
2007081687,99.0,1,2845 E WESTMORELAND,,PHILADELPHIA,PA,19134,WILLIAM PARKER ASSO,9999999999.0,,,,,,N,,,,,,,,,,,,,2,99999999.0,99.0
2007082934,99.0,8,1234 MARKET ST,,PHILADELPHIA,PA,19107,GEPTA,9999999999.0,999999.0,,,,,,,,,,,N,,,,,,,2,,11.0
2007091936,99.0,1,CHURCH AND PEARCE,,PHILADELPHIA,PA,19124,ROADWAY EXPRESS INC,2155379367.0,295000.0,,,,,N,,,,,,,,,,,,,2,63019.0,5.0
2007098512,99.0,1,800 RIVER RD,,PHILADELPHIA,PA,19428,THE PHILADELPHIA NEWSPAPER,9999999999.0,14100.0,,,,,N,,,,,,,,,,,,,1,99999999.0,5.0
2007106167,99.0,1,15 E. OREGON AVE,,PHILADELPHIA,PA,99999,UNITED POSTAL SERVICE,9999999999.0,1700.0,,,,,N,,,,,,,,,,,,,2,99999999.0,5.0
2007107757,99.0,1,100 S. BROAD ST,,PHILADELPHIA,PA,19102,CITY OF PHILA,9999999999.0,34700.0,,,,,N,,,,,,,,,,,,,2,99999999.0,99.0
2007116970,99.0,8,4508 CHESTNUT ST,,PHILADELPHIA,PA,19137,TRUSTEES UNIVERSITY OF PA,9999999999.0,,,,,,N,,,,,,,,,,,,,2,99999999.0,11.0
2007119702,3.0,4,7 FORMSTONE RD,,BIRDSBORO,PA,19508,FORMSTONE CRAFTERS INC,6105825838.0,73280.0,,,,,N,,,,,,N,,,,,,,1,99999999.0,4.0
2007119702,3.0,4,RD 4 BOX 4120,,BIRDSBORO,PA,19508,FORMSTONE CRAFTERS INC,6105825838.0,73280.0,,,,,N,,,,,,N,,,,,,,3,99999999.0,4.0
2008006269,2.0,8,1234 MARKET STREET,,PHILADELPHIA,PA,19107,SEPTA,9999999999.0,,,,,,,,,,,,,,,,,,,1,0.0,11.0
2008008938,3.0,8,2531 E STATE ST,TRENTON,TRENTON,NJ,08619,STARR TRANST CO INC,9999999999.0,54000.0,,,,,N,,,,,,N,,,,,,,1,43502.0,11.0
2007047975,2.0,8,991 STATION RD,,BELLPORT,NY,11713,BESTWAY COACH EXPRESS INC,9999999999.0,99999.0,,,,,N,,,,,,N,,,,,,,2,9.0,11.0
2007051281,99.0,9,400 MAIN ST,,BELLE VERNON,PA,15012,PITTS FAYETTE EXPRESS,9999999999.0,38000.0,,,,,N,,,,,,N,,,,,,,2,99999999.0,98.0
2007058122,2.0,8,440 N BROAD ST,,PHILADELPHIA,PA,19130,PHILADELPHIA SCHOOL DISTRICT,9999999999.0,999999.0,,,,,N,,,,,,N,,,,,,,1,,11.0
2007067101,99.0,1,151 BOUL. INDUSTRIAL,,NAPIERVILLE,QC,99999,NORMANDIN TRANSIT INC,9999999999.0,,,,,,N,,,,,,,,,,,,,3,99999999.0,8.0
2007098690,99.0,1,5250 OLD MAUMEE ROAD,,FT WAYNE,IN,46803,PENSKE TRUCK LEASING COMPANY,9999999999.0,999999.0,,,,,N,,,,,,U,,,,,,,1,99999999.0,5.0
2007098690,99.0,8,1234 MARKET STREET,14TH FLOOR,PHILADELPHIA,PA,19107,SOUTHEAST PENN TRANS AUTHORITY,9999999999.0,999999.0,,,,,N,,,,,,U,,,,,,,2,99999999.0,11.0
2007098767,99.0,1,299 ROANOKE AVE,,NEWARK,NJ,07105,JO TRAN SOLUTIONS,9999999999.0,,,,,,N,,,,,,,,,,,,,1,99999999.0,5.0
2007107760,3.0,7,2435 E WHEATSHEAF LN,,PHILA,PA,19137,SONS INC,2155355100.0,800000.0,,,,,N,,,,,,N,,,,,,,1,36997.0,4.0
2007109368,99.0,8,1234 MARKET ST 14TH FL,,PHILADELPHIA,PA,19107,SEPTA,9999999999.0,,,,,,N,,,,,,,,,,,,,2,99999999.0,11.0
2007109447,99.0,8,734 SCHUYLKILL,,PHILADELPHIA,PA,19132,PHILADELPHIA SCHOOL DISTRICT,2154925605.0,,,,,,N,,,,,,N,,,,,,,2,99999999.0,11.0
2007124766,99.0,8,UNKNOWN,,UNKNOWN,ZZ,99999,UNKNOWN,9999999999.0,,,,,,N,,,,,,,,,,,,,1,99999999.0,10.0
2007127672,99.0,1,463 OLD READING RD,P.O. BOX 3156,STOWE,PA,19464,STOWE LEASING INC,9999999999.0,,,,,,N,,,,,,,,,,,,,1,99999999.0,99.0
2008004092,99.0,1,25049 TRAVIS TRL,,WORTON,MD,21678,CURTIS TRUCKING,4107583918.0,80000.0,,,,,N,,,,,,N,,,,,,,1,1023901.0,8.0
2008004092,99.0,8,4700 ISLAND AVE,,PHILADELPHIA,PA,19153,INTERPARK INC LSE,2159371700.0,100000.0,,,,,N,,,,,,N,,,,,,,2,99999999.0,10.0
2008024049,99.0,1,640 MAIN STREET,,DARBY,PA,19023,OKRENTALS INC,9999999999.0,999999.0,,,,,N,,,,,,U,,,,,,,1,,8.0
2008029792,99.0,8,734 SCHUYLKILL AVE,,PHILADELPHIA,PA,19146,SCHOOL DISTRICT OF PHILADELPHIA,9999999999.0,,,,,,N,,,,,,,,,,,,,1,99999999.0,11.0
2007022393,99.0,8,3101 ORTHODOX ST,,PHILADELPHIA,PA,19137,YELLOWBIRD BUS CO INC,9999999999.0,,,,,,N,,,,,,,,,,,,,1,99999999.0,11.0
2007027802,99.0,9,2800 GRANT AVE,,PHILADELPHIA,PA,19114,CLEMENT & MULLER INC,9999999999.0,48000.0,,,,,,,,,,,,,,,,,,1,99999999.0,8.0
2007058327,2.0,8,1234 MARKET STREET,,PHILADELPHIA,PA,19107,SEPTA,9999999999.0,,,,,,N,,,,,,,,,,,,,1,99999999.0,11.0
2007098278,2.0,1,228 GAREN RD,PO BOX 756,PITTSGROVE TWP,NJ,08318,L JAYS LEASING CO,8568453636.0,,,,,,N,,,,,,N,,,,,,,3,99999999.0,6.0
2007106540,99.0,8,1234 MARKET ST 14TH FL,,PHILADELPHIA,PA,19107,SEPTA,9999999999.0,999999.0,,,,,N,,,,,,N,,,,,,,1,,11.0
2007127626,99.0,8,1234 MARKED ST 14TH FL,14TH FLR,PHILADELPHIA,PA,19107,SEPTA,2155604131.0,,,,,,N,,,,,,N,,,,,,,2,99999999.0,11.0
2008016258,99.0,9,66 FRIAR BLVD,,THOROFARE,NJ,08086,SAVOLA FOODS,9999999999.0,,,,,,N,,,,,,,,,,,,,1,99999999.0,99.0
2008018145,99.0,8,1234 MARKET ST 14TH FL,,PHILADELPHIA,PA,19107,SEPTA,9999999999.0,,,,,,N,,,,,,,,,,,,,1,99999999.0,11.0
2007027593,99.0,7,100 S BROAD ST3RD FL,,PHILADELPHIA,PA,19106,CITY OF PHILADELPHIA,9999999999.0,62000.0,,,,,,,,,,,,,,,,,,2,99999999.0,5.0
2007046708,2.0,8,1234 MARKET ST,,PHILADELPHIA,PA,99999,SEPTA,9999999999.0,999999.0,,,,,N,,,,,,N,,,,,,,1,,11.0
2007047045,99.0,8,510 WALNUT ST STE 510,,PHILADELPHIA,PA,19106,DLC MANAGEMENT INC,9999999999.0,999999.0,,,,,N,,,,,,N,,,,,,,1,99999999.0,5.0
2007081695,99.0,9,1121 N 66TH ST,,PHILADELPHIA,PA,99999,SANJANIO NAJIVIDAD,9999999999.0,,,,,,N,,,,,,,,,,,,,1,99999999.0,98.0
2007107061,99.0,9,133 W PATRICIA RD,,HOLLAND,PA,18966,THREE SON INC,9999999999.0,,,,,,N,,,,,,,,,,,,,2,99999999.0,99.0
2007109392,1.0,8,4157 CRESSON,POBOX29152,PHILA,PA,19127,LEAHY TRANSPORTATION INC,9999999999.0,,,,,,N,,,,,,,,,,,,,1,99999999.0,11.0
2007109392,2.0,4,1 WOODHAVEN MALL,,BENSALEM,PA,19020,SUMMIT WASTE SYSTEM,9999999999.0,,,,,,N,,,,,,N,,,,,,,2,99999999.0,9.0
2007127592,99.0,8,1234 MARKET ST 14TH FL,,PHILADELPHIA,PA,19107,SEPTA,9999999999.0,,,,,,N,,,,,,,,,,,,,1,99999999.0,11.0
2008006682,99.0,9,17TH & ARSENAL BLVD,,HARRISBURG,PA,99999,PENNDOT,9999999999.0,,,,,,N,,,,,,,,,,,,,1,99999999.0,99.0
2008006683,99.0,9,93 STATE HWY,,UNKNOWN,NJ,99999,SILVIKEMP,9999999999.0,,,,,,N,,,,,,,,,,,,,3,99999999.0,99.0
2008033637,2.0,8,1234 MARKET ST,,PHILADELPHIA,PA,99999,SEPTA,9999999999.0,999999.0,,,,,N,,,,,,N,,,,,,,1,,11.0
2007022772,99.0,1,UNKNOWN,,UNKNOWN,ZZ,99999,UNKNOWN,9999999999.0,,,,,,N,,,,,,,,,,,,,1,99999999.0,6.0
2007029264,99.0,1,ONE,,UNKNOWN,ZZ,99999,C & L EXPRESS,9999999999.0,,,,,,N,,,,,,,,,,,,,2,99999999.0,99.0
2007047592,99.0,8,1234 MARKET STREET,,PHILADELPHIA,PA,19107,SEPTA,9999999999.0,,,,,,,,,,,,,,,,,,,1,99999999.0,11.0
2007066456,99.0,8,1234 MARKET ST,,PHILADELPHIA,PA,19107,SEPTA,9999999999.0,999999.0,,,,,,,,,,,N,,,,,,,1,,11.0
2007086541,4.0,4,1420 CLARION STREET,,READING,PA,19601,DELAWARE VALLEY CONTRACTORS INC,6103726511.0,732800.0,,,,,N,,,,,,N,,,,,,,1,525249.0,4.0
2007094371,99.0,9,UNKNOWN,,UNKNOWN,ZZ,99999,UNKNOWN,9999999999.0,,,,,,N,,,,,,,,,,,,,1,99999999.0,99.0
2008000682,99.0,9,4667 DUFFIELD ST,,PHILADELPHIA,PA,19124,LIBERTY INTEGRATED SOLUTIONS,9999999999.0,14500.0,,,,,N,,,,,,U,,,,,,,1,99999999.0,5.0
2007047860,99.0,9,171 WEIDNER RD,,ROCHESTER,NY,14624,EMPIRE BEEF,9999999999.0,9999.0,,,,,N,,,,,,N,,,,,,,1,9.0,8.0
2007056653,99.0,9,PO DRAWER 165089,,IRVING,TX,99999,CENTRAL HAULING COMPANY,9999999999.0,999999.0,,,,,,,,,,,U,,,,,,,1,,9.0
2007058594,99.0,8,42 LAKEVIEW DRIVE,,GIBBSBORO,NJ,08026,T & L TRANSPORTAION,9999999999.0,,,,,,N,,,,,,,,,,,,,1,99999999.0,11.0
2007065641,99.0,1,150 WELLS AVENUE,,FT WAYNE,IN,16803,MATUSZKO PENSKE TRUCK LEASING,6179645340.0,,,,,,N,,,,,143214.0,N,,,,,,,1,56064.0,8.0
2007091891,5.0,3,225 SEAN LA,,CLAYTON,DE,19938,CMX,3026532237.0,800000.0,,,,,N,,,,,,N,,,,,,,1,99999999.0,8.0
2007107013,99.0,8,1234 MARKET ST,,PHILADELPHIA,PA,19138,SEPTA,9999999999.0,,,,,,N,,,,,,N,,,,,,,2,99999999.0,11.0
2007109407,99.0,8,230 THEATER DR,,JOHNSTOWN,PA,15904,LODESTAR BUSLINES INC,9999999999.0,,,,,,N,,,,,,,,,,,,,1,99999999.0,11.0
2007110531,99.0,8,1234 MARKET ST 14TH FL,,PHILADELPHIA,PA,19107,SEPTA,9999999999.0,,,,,,N,,,,,,,,,,,,,2,99999999.0,11.0
2007116677,99.0,1,1625 S 25TH ST,,PHILADELPHIA,PA,99999,JAMES J ZECCA TA ICE CREAM DIST,9999999999.0,17000.0,,,,,N,,,,,,,,,,,,,1,99999999.0,5.0
2007126561,99.0,9,1777 SENTRY PKWY,,BLUEBELL,PA,19422,MONSTER FUEL,9999999999.0,,,,,,N,,,,,,,,,,,,,1,99999999.0,99.0
2008007282,2.0,8,1234 MARKET ST,,PHILA,PA,19104,SEPTA,9999999999.0,99999.0,,,,,N,,,,,,N,,,,,,,2,,11.0
2008017535,99.0,8,1234 MARKET ST 14TH FL,,PHILADELPHIA,PA,19107,SEPTA,9999999999.0,,,,,,N,,,,,,,,,,,,,2,99999999.0,11.0
2008020409,99.0,9,2298 WASSERGRASS RD,,HELLERTOWN,PA,18055,LEE ANTENNA AND LINE SVC,9999999999.0,23500.0,,,,,N,,,,,,,,,,,,,1,99999999.0,99.0
2008022748,99.0,1,33239 LOSTEN RD,PO BOX 477,POCOMOKE CITY,MD,21851,LANKFORD SYSCO FOOD SERVICE,8009276410.0,,,,,,N,,,,,,N,,,,,,,2,99999999.0,6.0
2008038981,99.0,8,1234 MARKET ST 14TH FL,,PHILADELPHIA,PA,19107,SEPTA,9999999999.0,,,,,,N,,,,,,,,,,,,,1,99999999.0,11.0
2007047513,99.0,1,6634 DELIAH ROAD,,EGG HARBOR TWP,NJ,08234,PALMISANO DELIVERY SERVICE,2157435390.0,65000.0,,,,,N,,,,,,N,,,,,,,1,432713.0,8.0
2007047636,2.0,8,1234 MARKET ST,,PHILA,PA,19102,SEPTA,9999999999.0,99999.0,,,,,N,,,,,,N,,,,,,,2,9.0,11.0
2007051280,5.0,1,1720 RIVER RD,,CAMDEN,NJ,08101,J&F TRUCKING CO,9999999999.0,80000.0,,,,,N,,,,,,N,,,,,,,2,491314.0,8.0
2007081758,99.0,8,724 VANDEVER AVE,,WILMINGTON,DE,19802,HARRIS SERVICES,9999999999.0,380000.0,,,,,N,,,,,,N,,,,,,,1,586682.0,11.0
2007084728,3.0,1,1401 HADDONFIELD BERLIN,,CHERRY HILL,NJ,08034,RYDER TRUCK RENTAL,2159775478.0,,,,,,N,,,,,,N,,,,,,,1,806453.0,8.0
2007084728,3.0,1,286 HOMESTEAD AVE,AVENEL,AVENEL,NJ,07001,GROVERY HAULERS,732265052.0,80000.0,,,,,N,,,,,,N,,,,,,,2,507644.0,8.0
2007093566,99.0,7,100 S BROAD ST 3RD FL,,PHILADELPHIA,PA,19110,PHILA SANITATION,9999999999.0,,,,,,N,,,,,,,,,,,,,2,99999999.0,5.0
2007098739,99.0,1,200 RITTENHOUSE CIR,,BRISTOL,PA,19007,FORKLIFT ASSOCIATION,9999999999.0,,,,,,N,,,,,,,,,,,,,2,99999999.0,8.0
2007110844,99.0,7,3000 E HADLEY ST,,PHILADELPHIA,PA,19137,BFI WASTE SERVICES,9999999999.0,,,,,,N,,,,,,,,,,,,,1,99999999.0,5.0
2008016743,99.0,9,405 MAPLEWOOD AVE,,MERION,PA,19066,MERION PARK PARTNERS,9999999999.0,54999.0,,,,,N,,,,,,,,,,,,,2,99999999.0,99.0
2008018031,99.0,8,1234 MARKET ST 14TH FL,,PHILADELPHIA,PA,19107,SEPTA,9999999999.0,,,,,,N,,,,,,,,,,,,,2,99999999.0,11.0
2007022725,3.0,1,9370 GARNES RD,,MERCERSBURG,PA,17236,RG BLANKLEY TRUCKING INC,7173000223.0,80000.0,,,,,N,,,,,27843.0,N,,,,,,,1,572885.0,8.0
2007028822,99.0,9,99999999999999999999999,99999999999999999999999,99999999999999999999,PA,999999999,SCHOOL DISTRICT OF PHILADELPHIA,9999999999.0,999999.0,,,,,N,,,,,999999999.0,U,,A-00999999,,,,,1,99999999.0,
2007067231,99.0,8,1234 MARKET ST 14TH FL,,PHILADELPHIA,PA,19107,SEPTA,9999999999.0,,,,,,N,,,,,,,,,,,,,2,99999999.0,10.0
2007098831,99.0,8,1234 MARKET ST 14TH FL,,PHILADELPHIA,PA,19107,SEPTA,9999999999.0,,,,,,N,,,,,,,,,,,,,1,99999999.0,11.0
2007106161,99.0,8,800 W ONLEY AVENUE,,UNKNOWN,ZZ,999999999,TRANSIT AIDE INC,9999999999.0,999999.0,,,,,N,,,,,,U,,,,,,,1,99999999.0,11.0
2008005718,3.0,3,4165 JASMINE PLACE,,MONTJOY,PA,17552,H J RESSLER TRANSPORTATION LLC,7176841988.0,800000.0,,,,,N,,,,,,U,,,,,,,1,662820.0,6.0
2008036974,99.0,1,100 S. BROAD ST,,PHILADELPHIA,PA,99999,CITY OF PHILADELPHIA,9999999999.0,29000.0,,,,,N,,,,,,,,,,,,,1,99999999.0,5.0
2007067905,2.0,8,1234 MARKET ST 14TH FL,5700,PHILADELPHIA,PA,19107,SEPTA,2155807800.0,,,,,,N,,,,,,U,,,,,,,1,99999999.0,11.0
2007076499,5.0,1,921 MT ZION RD,,UNION CITY,TN,38261,MC EXPRESS INC,8008728548.0,800000.0,,,,,N,,,,,,U,,,,,,,2,345951.0,8.0
2007093363,99.0,7,100 S BROAD ST,,UNKNOWN,ZZ,99999,CITY OF PHILADELPHIA,9999999999.0,999999.0,,,,,N,,,,,,N,,,,,,,1,99999999.0,0.0
2007108543,2.0,8,2500 WHEATSHEAF LN,,PHILADELPHIA,PA,19137,DURHAM SCHOOL SERVICES LP,2155357300.0,999999.0,,,,,N,,,,,,N,,,,,,,1,99999999.0,11.0
2007110505,5.0,1,100 FRONTAGE STREET,,NEWARK,NJ,07114,MANKRAFT CORPORATION,9999999999.0,650000.0,,,,,N,,,,,,N,,,,,,,2,327574.0,8.0
2007116400,3.0,8,1234 MARKET ST 14YH FL,,PHILADELPHIA,PA,19107,SEPTA,2155807800.0,999999.0,,,,,N,,,,,,,,,,,,,1,,11.0
2008006399,99.0,8,UNKNOWN,,PHILADELPHIA,PA,99999,SEPTA,9999999999.0,,,,,,N,,,,,,,,,,,,,2,99999999.0,11.0
2008007325,99.0,8,3101 ORTHODOX ST,,PHILADELPHIA,PA,19137,YELLOWBIRD BUS CO INC,9999999999.0,999999.0,,,,,N,,,,,,U,,,,,,,1,99999999.0,11.0
2008017308,99.0,8,1234 MARKET ST 14TH FL,,PHILADELPHIA,PA,19107,SEPTA,9999999999.0,,,,,,N,,,,,,,,,,,,,1,99999999.0,11.0
2008033784,99.0,9,107 FORKLANDING RD,,CINNAMIMSON,NJ,08071,T.R. BELL TRUCKING CO.,9999999999.0,,,,,,,,,,,,,,,,,,,2,,8.0
2008072691,99.0,8,1234 MARKET ST 14TH FL,,PHILADELPHIA,PA,19107,SEPTA,9999999999.0,,,,,,N,,,,,,,,,,,,,1,,11.0
2007049039,99.0,8,2500 WHEATSHEAF,,UNKNOWN,PA,19137,DURHAM SCHOOL SERVICES,9999999999.0,999999.0,,,,,N,,,,,,U,,,,,,,2,99999999.0,11.0
2007054644,5.0,3,3012 WEST OCTAGON RD,,CAMDEN,NJ,08104,BIG ALS TRANSPORTATION,9999999999.0,80000.0,,,,,N,,,,,,N,,,,,,,2,514593.0,8.0
2007068137,99.0,8,UNKNOWN,,UNKNOWN,ZZ,99999,ALL CITY TRANSPORT,9999999999.0,,,,,,N,,,,,,,,,,,,,1,99999999.0,99.0
2007080974,99.0,1,1600 ARCH ST,,PHILADELPHIA,PA,99999,CITY OF PHILA FLEET MNGMT,9999999999.0,,,,,,N,,,,,,,,,,,,,1,99999999.0,99.0
2007082201,99.0,1,UNKNOWN,,UNKNOWN,IN,99999,UNKNOWN,9999999999.0,,,,,,N,,,,,,,,,,,,,1,99999999.0,8.0
2007082499,99.0,1,1500 WILMINGTON PIKE,PO BOX 933,CONCORDVILLE,PA,19331,WATKINS LEASING CO,9999999999.0,,,,,,N,,,,,,,,,,,,,1,99999999.0,5.0
2007084719,99.0,8,1234 MARKET ST 14TH FL,,PHILADELPHIA,PA,19107,SEPTA,9999999999.0,,,,,,N,,,,,,,,,,,,,2,99999999.0,11.0
2007091895,99.0,8,4730 MARKET ST,,PHILADELPHIA,PA,19139,SAFE CARE AMBULANCE,9999999999.0,,,,,,N,,,,,,,,,,,,,2,99999999.0,10.0
2007097971,99.0,8,1234 MARKET ST 14TH FL,,PHILADELPHIA,PA,19107,SEPTA,9999999999.0,,,,,,N,,,,,,,,,,,,,2,99999999.0,11.0
2007106546,99.0,8,13 E MT PLEASANT AVE,,PHILA,PA,19119,CHILDSPACE MANAGEMENT GRP,2152483080.0,,,,,,N,,,,,,,,,,,,,2,99999999.0,10.0
2007106815,99.0,1,PO BOX 2080,,STELLARTON,NS,BOK1S0,CONNORS TRANSFER LIMITED,9999999999.0,800000.0,,,,,N,,,,,,N,,,,,,,1,99999999.0,8.0
2007111429,99.0,1,1067 OLD YORK RD,PO BOX 49,RINGOES,NJ,08557,BUTTERCUP FARMS INC,9999999999.0,,,,,,N,,,,,,,,,,,,,2,99999999.0,99.0
2007116678,99.0,8,230 THEATER DR,,JOHNSTOWN,PA,15904,LODESTAR BUS LINES,9999999999.0,,,,,,N,,,,,,,,,,,,,1,99999999.0,11.0
2007123791,99.0,9,3101 MARKET ST,,PHILADELPHIA,PA,99999,PHILADELPHIA PARKING AUTHORITY,9999999999.0,16000.0,,,,,N,,,,,,,,,,,,,1,99999999.0,99.0
2008019693,99.0,8,1234 MARKET ST 14TH FL,,PHILADELPHIA,PA,19107,SEPTA,9999999999.0,,,,,,N,,,,,,,,,,,,,1,99999999.0,11.0
2007048840,99.0,9,1600 ARCH STREET,4TH FLOOR,PHILADELPHIA,PA,191039999,CITY OF PHILADELPHIA,9999999999.0,60400.0,,,,,,,,,,,,,,,,,,1,99999999.0,5.0
2007079975,99.0,1,52 3RD ST,,LANSDOWNE,PA,19087,NATIONAL CONSTRUCTION,9999999999.0,,,,,,N,,,,,,,,,,,,,1,99999999.0,5.0
2007103685,2.0,8,1234 MARKET ST,,PHILADELPHIA,PA,19107,TRENTON-PHILADELPHIA COACH COMPA,2155807979.0,,,,,,N,,,,,,N,,,,,,,2,10206.0,11.0
2007120264,99.0,8,1234 MARKET ST,,PHILADELPHIA,PA,19107,SEPTA,9999999999.0,,,,,,N,,,,,,,,,,,,,1,99999999.0,11.0
2007120758,2.0,7,10 REANEY STREET,,CHESTER,PA,19013,REPUBLIC OF PA LLC,6108763600.0,732800.0,,,,,N,,,,,,N,,,,,,,2,348394.0,3.0
2008007237,99.0,9,1956 STOUT DR,,IVYLAND,PA,18974,R P BLAIR EQUIPMENT RENTAL INC,9999999999.0,73280.0,,,,,,,,,,,,,,,,,,2,,4.0
2008017013,99.0,8,734 SCHUYLKILL AVE,,PHILADELPHIA,PA,99999,PHILADELPHIA SCHOOL,9999999999.0,,,,,,N,,,,,,,,,,,,,2,99999999.0,11.0
2007022809,99.0,9,312 TERMINAL SQ,,MORRISTOWN,NJ,37813,TOP FLIGHT TRANSP LLC,9999999999.0,999999.0,,,,,N,,,,,,U,,,,,,,1,99999999.0,99.0
2007051285,99.0,8,1123 ADAMS,,PHILADELPHIA,PA,99999,EDENING CORP,9999999999.0,,,,,,N,,,,,,,,,,,,,1,99999999.0,11.0
2007056558,99.0,9,6601 STATE RD,,PHILADELPHIA,PA,19135,FREEDOM INTERNATIONAL INC,9999999999.0,25500.0,,,,,N,,,,,,N,,,,,,,1,99999999.0,5.0
2007065650,99.0,1,5919 OLD YORK RD,,PHILADELPHIA,PA,19141,ELHADJI KENDE,9999999999.0,,,,,,N,,,,,,,,,,,,,1,99999999.0,99.0
2007066675,99.0,1,7135 CENTENNIAL PLACE,,NASHVILLE,TN,37209,WESTERN EXPRESS INC,8003167160.0,,,,,,N,,,,,,N,,,,,,,1,99999999.0,8.0
2007067658,99.0,8,1234 MARKET ST 14TH FL,,PHILADELPHIA,PA,19107,SEPTA,9999999999.0,,,,,,N,,,,,,,,,,,,,1,99999999.0,11.0
2007067658,99.0,8,1234 MARKET ST 14TH FL,,PHILADELPHIA,PA,19107,SEPTA,9999999999.0,,,,,,N,,,,,,,,,,,,,2,99999999.0,11.0
2007110535,99.0,8,1234 MARKET ST 14TH FL,,PHILADELPHIA,PA,19107,SEPTA,9999999999.0,,,,,,N,,,,,,,,,,,,,1,99999999.0,11.0
2007120913,99.0,8,UNKNOWN,,PHILADELPHIA,PA,99999,SEPTA,9999999999.0,,,,,,N,,,,,,,,,,,,,1,99999999.0,11.0
2007126533,99.0,9,257 KENNETT PK,,CHADDSFORD,PA,19317,STEPHENS GARDENS,9999999999.0,15000.0,,,,,N,,,,,,,,,,,,,2,99999999.0,5.0
2007126533,99.0,1,UNKNOWN,,UNKNOWN,ZZ,99999,UNKNOWN,9999999999.0,,,,,,N,,,,,,,,,,,,,3,99999999.0,99.0
2008029177,99.0,4,351 NEW BROOKLYN ROAD,,BERLIN,NJ,08009,CAPONE TRANSPORTATION,9999999999.0,,,,,,N,,,,,,U,,,,,,,2,99999999.0,5.0
2007028464,99.0,8,1234 MARKET ST 14TH FL,,PHILADELPHIA,PA,19107,SEPTA,9999999999.0,,,,,,N,,,,,,N,,,,,,,1,99999999.0,11.0
2007028508,99.0,8,1234 MARKET ST 14TH FL,,PHILADELPHIA,PA,19107,SEPTA,9999999999.0,,,,,,N,,,,,,,,,,,,,2,99999999.0,11.0
2007057003,99.0,9,56 HARRISON AVE,,N PLAINFIELD,NJ,07060,TRANSCUNHA,2157424314.0,999999.0,,,,,N,,,,,,N,,,,,,,1,790522.0,8.0
2007067138,99.0,1,4303 N MAIN ST,,PEORIA,IL,61611,USA TRUCKING CO,9999999999.0,,,,,,N,,,,,,,,,,,,,2,99999999.0,99.0
2007080214,99.0,8,1234 MARKET ST 14TH FL,,PHILADELPHIA,PA,19107,SEPTA,9999999999.0,,,,,,N,,,,,,,,,,,,,1,99999999.0,11.0
2007080858,2.0,9,140 WESTCOTT STATION RD,,BRIDGETON,NJ,08302,SORANTINO ENTERPRISES,8562972815.0,732800.0,,,,,N,,,,,,N,,,,,,,1,1035742.0,9.0
2007092053,99.0,9,10220 WRENO,,OKLAHOMA CITY,OK,73127,XPRESS LEASING,8662780128.0,,,,,,N,,,,,,U,,,,,,,1,40784.0,8.0
2007092067,99.0,8,1234 MARKET ST 14TH FL,,PHILADELPHIA,PA,19107,SEPTA,9999999999.0,,,,,,N,,,,,,,,,,,,,2,99999999.0,11.0
2007095052,99.0,8,1234 MARKET ST14TH FL,,PHILADELPHIA,PA,19107,SEPTA,9999999999.0,,,,,,,,,,,,,,,,,,,2,99999999.0,11.0
2007099128,3.0,3,810 HILTON ST,,PHILADELPHIA,PA,99999,GREGORY WARREN,9999999999.0,800000.0,,,,,N,,,,,,N,,,,,,,1,1073631.0,6.0
2007116271,99.0,8,440 N BROAD ST,,PHILADELPHIA,PA,19130,PHILA SCHOOL DISTRICT,9999999999.0,999999.0,,,,,N,,,,,,N,,,,,,,1,,11.0
2007120641,99.0,1,UNKNOWN,,CEDAR RAPID,IA,99999,CRST VAN EXPEDITION INC,9999999999.0,,,,,,N,,,,,,,,,,,,,2,99999999.0,6.0
2007120696,99.0,9,835 E LYCOMING ST,,PHILADELPHIA,PA,19124,OCONNOR TRUCKS,9999999999.0,25500.0,,,,,N,,,,,,N,,,,,,,2,,5.0
2007123413,99.0,1,35005 MICHIGAN AVE,,WAYNE,MI,48184,PERFORMANCE TRANS SERVICES INC,9999999999.0,,,,,,N,,,,,,,,,,,,,2,99999999.0,99.0
2007124105,99.0,8,UKNOWN,,UNKNOWN,ZZ,99999,SEPTA,9999999999.0,999999.0,,,,,N,,,,,,N,,,,,,,1,0.0,11.0
2008029735,99.0,8,6821 NORWITCH DR,,PHILADELPHIA,PA,19153,ALL CITY TRANSPORTATION,9999999999.0,,,,,,N,,,,,,,,,,,,,1,99999999.0,11.0
2007022743,99.0,8,2905 ABBOTTS FORD RD,,PHILADELPHIA,PA,19129,PHILLY TRANSPORTATION,9999999999.0,999999.0,,,,,N,,,,,,U,,,,,,,2,99999999.0,10.0
2007046266,2.0,8,1234 MARKET ST,,PHILADLEPHIA,PA,99999,SEPTA,9999999999.0,,,,,,N,,,,,,,,,,,,,2,0.0,11.0
2007047905,2.0,8,1234 MARKET ST 14TH FL,,PHILADELPHIA,PA,19107,SEPTA,9999999999.0,999999.0,,,,,N,,,,,,N,,,,,,,1,99999999.0,11.0
2007067904,99.0,8,1234 MARKET ST 14TH FL,,PHILADELPHIA,PA,19107,SEPTA,2155805600.0,,,,,,N,,,,,,N,,,,,,,1,99999999.0,11.0
2007070741,2.0,8,1234 MARKET ST,,PHILA,PA,19107,SEPTA,2155807433.0,999999.0,,,,,N,,,,,,N,,,,,,,2,99999999.0,10.0
2007081112,99.0,8,1234 MARKET ST,14TH FL,PHILADELPHIA,PA,19107,SETPA,9999999999.0,999999.0,,,,,N,,,,,,N,,,,,,,2,99999999.0,11.0
2007093238,3.0,4,2828BRECKENRIDGE BLVD,,NORRISTOWN,PA,19403,J MASTROCOLA HAULING,6106311770.0,,,,,,N,,,,,,N,,,,,,,1,99999999.0,3.0
2007098482,99.0,9,430 SWEDESBORO AVE,,MICKLETON,NJ,08056,ATLAS FLASHER INC.,9999999999.0,25950.0,,,,,N,,,,,,,,,,,,,2,99999999.0,99.0
2007102318,99.0,8,1234 MARKET ST 14TH FL,,PHILADELPHIA,PA,19107,SEPTA,9999999999.0,,,,,,N,,,,,,,,,,,,,1,99999999.0,11.0
2007111673,5.0,1,1500 TRUMBULL ROAD,,GIRARD,OH,44420,AIM LEASING DRIVERS CO,3302460969.0,80000.0,,,,,N,,,,,,N,,,,,,,1,877115.0,8.0
2007124115,99.0,8,1234 MARKET ST 14TH FL,,PHILADELPHIA,PA,19107,SEPTA,9999999999.0,,,,,,N,,,,,,,,,,,,,2,99999999.0,11.0
2007124121,99.0,8,1234 MARKET ST,,PHILADELPHIA,PA,19107,SEPTA,9999999999.0,999999.0,,,,,N,,,,,,U,,,,,,,1,0.0,11.0
2008005987,99.0,8,1234MARKET ST 14TH FL,,PHILADELPHIA,PA,19107,SEPTA,9999999999.0,,,,,,N,,,,,,,,,,,,,3,99999999.0,11.0
2007022317,99.0,8,1234 MARKET ST 14TH FL,,PHILADELPHIA,PA,19107,SEPTA,9999999999.0,,,,,,N,,,,,,,,,,,,,2,99999999.0,11.0
2007056598,99.0,9,4 RED VALLEY RD,,CREAM RIDGE,NJ,08514,TC LEE DISTRIB.,9999999999.0,99999.0,,,,,N,,,,,,N,,,,,,,1,9.0,8.0
2007056707,2.0,8,1234 MARKET ST,,PHILA,PA,19107,SEPTA,9999999999.0,99999.0,,,,,N,,,,,,N,,,,,,,2,9.0,11.0
2007066218,5.0,1,28459 BEECHWOOD ST,,GARDEN CITY,MI,48135,T DOWNER DBA DOUBLE D EXPRESS,7345642154.0,80000.0,,,,,N,,,,,,N,,,,,,,5,98586.0,8.0
2007066343,5.0,1,1501 E LEHIGH ST,,LIBERAL,KS,67901,NATIONAL CARRIERS,8008359180.0,80000.0,,,,,N,,,,,,,,,,,,,1,69310.0,8.0
2007067351,99.0,8,1234 MARKET ST,,PHILADELPHIA,PA,19107,SEPTA,9999999999.0,,,,,,,,,,,,,,,,,,,1,99999999.0,11.0
2007067351,99.0,8,1065 BELVIOR RD,,PLYMOUTH MEETING,PA,99999,ROMANOS SCHOOL BUS,9999999999.0,,,,,,,,,,,,,,,,,,,2,99999999.0,11.0
2007091924,99.0,1,22 SE PALM RUM,,OCALA,FL,34472,JACOB M JOHNSON,9999999999.0,,,,,,N,,,,,,U,,,,,,,2,99999999.0,6.0
2007095562,99.0,1,JEFFERSON AVE,,CAMDEN,NJ,08104,MAFCO WORLDWIDE,9999999999.0,80000.0,,,,,N,,,,,,N,,,,,,,2,462640.0,7.0
2007096732,99.0,8,20 IRVEN ST,,EWING,NJ,08638,STOUT CHARTER BUS CO,9999999999.0,,,,,,N,,,,,,,,,,,,,1,99999999.0,11.0
2007099100,99.0,1,95 E. LANCASTER AVE,,PAOLI,PA,19301,HOME APPLIANCE CENTER,9999999999.0,17995.0,,,,,N,,,,,,,,,,,,,2,99999999.0,5.0
2007110859,99.0,8,1234 MARKET ST 14TH FL,,PHILADELPHIA,PA,19107,SEPTA,9999999999.0,,,,,,N,,,,,,,,,,,,,1,99999999.0,11.0
2007110865,99.0,9,106 CONESTOGA AVE,,NEW HOLLAND,PA,17557,WHITE OAK TREE CO,9999999999.0,52600.0,,,,,N,,,,,,,,,,,,,2,99999999.0,99.0
2007123763,99.0,8,1234 MARKET ST,,PHILADELPHIA,PA,19103,SEPTA,2155807800.0,,,,,,N,,,,,,N,,,,,,,1,99999999.0,11.0
2007126117,99.0,8,1234 MARKET ST 14TH FL,,PHILADELPHIA,PA,19107,SEPTA,9999999999.0,,,,,,N,,,,,,,,,,,,,1,99999999.0,11.0
2007126702,99.0,9,1608 BUTLER PIKE,,CONSHOCKEN,PA,19428,E V B SERVICE CENTER INC,9999999999.0,,,,,,N,,,,,,,,,,,,,2,99999999.0,99.0
2008004093,2.0,8,1234 MARKET STREET,,PHILADELPHIA,PA,191073780,SEPTA,2155803754.0,40600.0,,,,,N,,,,,,N,,,,,,,1,9999999.0,11.0
2008004093,3.0,4,ARSENAL BLVD,,HARRISBURG,PA,17120,PENNDOT,2152251415.0,38000.0,,,,,N,,,,,,N,,,,,,,2,99999999.0,5.0
2007023176,99.0,8,UNKNOWN,,PHILADELPHIA,PA,99999,SEPTA,9999999999.0,,,,,,N,,,,,,,,,,,,,1,99999999.0,11.0
2007047043,5.0,1,4303 N MAIN STREET,,EPEORIA,IL,61611,USA TRUCK INC,8006845737.0,80000.0,,,,,N,,,,,,N,,,,,,,1,213754.0,8.0
2007047043,2.0,1,2835 ROUTE 73 SOUTH,,MAPLE SHADE,NJ,08052,GOODWILL INDUSTRIES OF SOUTHERN,8569101305.0,33000.0,,,,,N,,,,,,N,,,,,,,2,397087.0,3.0
2007047043,2.0,1,2835 ROUTE 73 SOUTH,,MAPLE SHADE,NJ,08052,GOODWILL INDUSTRIES OF SOUTHERN,8569101305.0,26000.0,,,,,,,,,,,N,,,,,,,3,397087.0,3.0
2007047946,99.0,0,6017 E CALLA RD,,NEW MIDDLETOWN,OH,44442,VENEZIA TRANSPORT,9999999999.0,,,,,,,,,,,,,,,,,,,2,99999999.0,7.0
2007075227,99.0,1,94 WALTON ST,,BROOKLYN,NY,11206,YICK CHEUNG TRADING CORP,7183026828.0,180000.0,,,,,N,,,,,,N,,,,,,,1,550879.0,3.0
2007095690,99.0,4,1600 ARCH ST 4TH FL,,PHILA,PA,19103,PHILA WATER DEPT,9999999999.0,350000.0,,,,,N,,,,,,,,,,,,,2,99999999.0,9.0
2007106375,2.0,8,1234 MARKET ST,,PHILADELPHIA,PA,19107,SOUTHEASTERN PA,9999999999.0,999999.0,,,,,N,,,,,,N,,,,,,,1,,11.0
2007116918,99.0,8,3790 E THOMPSON ST,,PHILADELPHIA,PA,19137,ATLANTIC EXPRESS,2155375405.0,,,,,,N,,,,,,U,,,,,,,1,99999999.0,10.0
2007116918,99.0,8,3101 ORTHODOX ST,,PHILADELPHIA,PA,19137,YELLOW BIRD BUS,9999999999.0,,,,,,N,,,,,,U,,,,,,,2,99999999.0,11.0
2007121645,5.0,1,9400 NW 10TH ST,,OKLAHOMA,OK,73127,SWIFT TRANSPORTATION,8006450931.0,800000.0,,,,,N,,,,,,N,,,,,,,1,54283.0,6.0
2008000428,99.0,4,4200 N 5TH ST,,PHILA,PA,19140,R TRUCKING INC,9999999999.0,,,,,,N,,,,,,U,,,,,,,1,99999999.0,4.0
2008000428,99.0,1,120 WEST ERIE AV,,PHILA,PA,19140,ALLEN BROTHERS WHOLESALE DIST,2157391083.0,255000.0,,,,,N,,,,,,U,,,,,,,3,99999999.0,4.0
2008000441,99.0,9,1750 WALTON RD,,BLUE BELL,PA,19422,TONY DEPAUL & SONS,9999999999.0,,,,,,N,,,,,,,,,,,,,3,99999999.0,99.0
2008007299,99.0,8,1234 MARKET ST 14TH FL,,PHILADELPHIA,PA,19107,SEPTA,9999999999.0,,,,,,N,,,,,,,,,,,,,2,99999999.0,11.0
2008053019,99.0,8,3740 E THOMPSON ST,,PHILADELPHIA,PA,99999,ATLANTIC EXPRESS OF PA INC,9999999999.0,,,,,,N,,,,,,,,,,,,,1,,11.0
2007022291,99.0,8,1234 MARKET ST 14TH FL,,PHILADELPHIA,PA,19107,SEPTA,9999999999.0,,,,,,N,,,,,,,,,,,,,2,99999999.0,11.0
2007028424,99.0,8,734 SCHUYLKILL AVE,,PHILADELPHIA,PA,19132,SCHOOL DIST PHILA,9999999999.0,,,,,,N,,,,,,,,,,,,,1,99999999.0,11.0
2007028477,2.0,8,1234 MARKET STREET,,PHILADEPHIA,PA,19107,SEPTA,9999999999.0,999999.0,,,,,N,,,,,,N,,,,,,,1,,11.0
2007032961,,8,100 S BROAD ST 3FL,,PHILA,PA,19110,SEPTA,2156852514.0,,,,,,N,,,,,,N,,,,,,,1,99999999.0,11.0
2007032961,99.0,7,UNKNOWN,,UNKNOWN,ZZ,99999,UNKNOWN,9999999999.0,,,,,,N,,,,,,,,,,,,,2,99999999.0,5.0
2007057040,99.0,8,1234 MARKET ST 14TH FL,,PHIADELPHIA,PA,19107,SEPTA,9999999999.0,,,,,,N,,,,,,,,,,,,,1,99999999.0,11.0
2007058179,99.0,8,UNKNOWN,,PHILADEL;PHIA,PA,99999Q,SEPTA,9999999999.0,,,,,,N,,,,,,,,,,,,,1,99999999.0,11.0
2007092350,99.0,8,1234 MARKET ST 14TH FL,,PHILADELPHIA,PA,19107,SEPTA,9999999999.0,,,,,,N,,,,,,,,,,,,,1,99999999.0,11.0
2007093436,99.0,8,37-39 NINTH ST,,LONG ISLAND,NY,11101,ADVANTAGE FUNDING OF MY CORP,9999999999.0,,,,,,N,,,,,,,,,,,,,1,99999999.0,11.0
2007099073,99.0,1,835 E LYCOMING ST,,PHILADELPHIA,PA,99999,OCONNER TRUCK LEASING,9999999999.0,,,,,,N,,,,,,,,,,,,,1,99999999.0,5.0
2007099141,2.0,8,1234 MARKET ST,14TH FLOOR,PHILADLEPHIA,PA,19107,SEPTA,9999999999.0,,,,,,N,,,,,,,,,,,,,2,0.0,11.0
2007111475,99.0,8,1234 MARKET ST 14TH FL,,PHILADELPHIA,PA,19107,SEPTA,2155807800.0,,,,,,N,,,,,,N,,,,,,,2,99999999.0,11.0
2008017332,99.0,8,6821 NORWITCH DR,,PHILADELPHIA,PA,19153,ALL CITY TRANSPORTATION INC,9999999999.0,999999.0,,,,,N,,,,,,U,,,,,,,2,0.0,11.0
2007047523,99.0,9,P O BOX 30109,1182 ROUTE,COLUMBIA,MO,65205,CLARK TRANS INC,9999999999.0,999999.0,,,,,,,,,,,,,,,,,,1,99999999.0,8.0
2007047970,2.0,1,55 PARADISE LN,,BAYSHORE,NY,11706,GEORGE WESTON BAKERIES INC,9999999999.0,,,,,,N,,,,,,,,,,,,,1,16890.0,3.0
2007067371,99.0,9,99,,99,ZZ,99,99,999999.0,99.0,,,,,N,,,,,99.0,U,,A-00999999,,,,,2,99.0,99.0
2007080820,99.0,8,ONE PENN PLAZA,,NEWARK,NJ,07105,NEW JERSEY TRANSIT CORP.,9999999999.0,,,,,,N,,,,,,,,,,,,,1,99999999.0,11.0
2007107082,99.0,9,PO BOX 1785058 WEST CHE,,EDGEMONT,PA,19028,EDGEMONT STONE & SUPPLY,9999999999.0,73280.0,,,,,,,,,,,,,,,,,,1,99999999.0,99.0
2007037372,5.0,7,RR4 BOX 4442,,KUNKLETOWN,PA,18058,ROLLING THUNDER TRUCKING,5706296400.0,80000.0,,,,,N,,,,,573275.0,N,,,,,,,1,1540119.0,5.0
2007037372,2.0,8,1234 MARKET STREET,14TH FLOOR,PHILADELPHIA,PA,19107,SEPTA,9999999999.0,,,,,,N,,,,,,N,,,,,,,3,206.0,11.0
2007055614,2.0,3,512 SWEDESBORO AVE,,MICKLETON,NJ,08056,TRI-STEEL CORP,9999999999.0,33000.0,,,,,N,,,,,,N,,,,,,,1,703934.0,3.0
2007080256,99.0,8,1234 MARKET ST 14TH FL,,PHILADELPHIA,PA,19107,SEPTA,9999999999.0,,,,,,N,,,,,,,,,,,,,2,99999999.0,11.0
2007082924,99.0,8,1234 MARKET ST 14TH FL,,PHILADELPHIA,PA,19107,SEPTA,9999999999.0,,,,,,N,,,,,,,,,,,,,1,99999999.0,11.0
2007092494,2.0,8,1234 MARKET ST,14TH FLOOR,PHILADELPHIA,PA,99999,SEPTA,9999999999.0,999999.0,,,,,N,,,,,,N,,,,,,,1,99999999.0,11.0
2007097849,99.0,8,1242 S 47TH ST,,PHILADELPHIA,PA,19143,LADY LIBERTY TRANSPORT,9999999999.0,,,,,,N,,,,,,,,,,,,,1,99999999.0,11.0
2007109400,99.0,9,1050 SWEDESFORD RD,,BERWYN,PA,19312,PECO ENERGY,9999999999.0,33000.0,,,,,N,,,,,,,,,,,,,1,99999999.0,99.0
2007111509,2.0,8,1234 MARKET ST 14TH FL,,PHILADELPHIA,PA,19107,SEPTA,2155804213.0,,,,,,N,,,,,,,,,,,,,1,99999999.0,11.0
2007120254,99.0,9,100 S BROAD ST,,PHILADELPHIA,PA,19110,CITY OF PHILADELPHIA,9999999999.0,,,,,,N,,,,,,,,,,,,,2,99999999.0,99.0
2008020412,5.0,1,103 EAST RAILROAD ST,,COLLINS,GA,30421,TRIANGE-J INC,9126931977.0,800000.0,,,,,N,,,,,,N,,,,,,,3,950431.0,6.0
2008036961,4.0,7,53 BLACKWOOD BARNSBORO,RD PO BOX 454,SEWELL,NJ,08080,LAWRENSON INC,8562181011.0,800000.0,,,,,N,,,,,,N,,,,,,,2,686229.0,4.0
2007023208,99.0,1,UNKNOWN,,UNKNOWN,ZZ,99999,UNITED STATES POSTAL SERVICE,9999999999.0,,,,,,N,,,,,,,,,,,,,2,99999999.0,8.0
2007047050,4.0,7,3000 E HADLEY STREET,,PHILA,PA,19137,BFI WASTE SERVICES,2157442900.0,40000.0,,,,,N,,,,,,N,,,,,,,1,99999999.0,4.0
2007054524,5.0,3,110 PATTERSON AVE,,TRENTON,NJ,086100607,LIEDTKA TRUCKING INC,6095866093.0,80000.0,,,,,N,,,,,,N,,,,,,,1,49022.0,8.0
2007081144,99.0,7,101 S BROAD ST,,PHILADELPHIA,PA,19110,CITY OF PHILA,2156858070.0,,,,,,N,,,,,,N,,,,,,,1,99999999.0,5.0
2007093573,5.0,2,7300 SOUTH CRESENT ST,,PENNSAUNKEN,NJ,08110,ALEXANDER OIL,6094718390.0,800000.0,,,,,N,,,,,,N,,,,,,,1,1079049.0,6.0
2007094976,99.0,1,555 DIVIDEND DRIVE,,COPPELL,TX,99999,BRINKS INCORPORATED,9999999999.0,,,,,,N,,,,,,,,,,,,,1,99999999.0,5.0
2007098530,99.0,8,1324 MARKET ST,,PHILADELPHIA,PA,19107,SEPTA,9999999999.0,999999.0,,,,,,,,,,,N,,,,,,,1,,10.0
2007099490,99.0,9,,851 COUNTY LINE ROAD,HUNTINGDON VLY,PA,19006,JDM MATERIALS COMPANY,9999999999.0,73280.0,,,,,,,,,,,,,,,,,,3,99999999.0,5.0
2007109441,5.0,2,PO BOX 8,,EAST EARL,PA,17519,HERMAN R EWELL INC,7173544556.0,800000.0,,,,,N,,,,,,N,,,,,,,1,10571.0,8.0
2007123203,5.0,2,4895 DRESSLER RD,,CANTON,OH,44718,ADVANTAGE TANK LINES,8883662666.0,80000.0,,,,,N,,,,,,N,,,,,,,2,40755.0,8.0
2007124669,99.0,8,1234 MARKET ST 14TH FL,,PHILADELPHIA,PA,19107,SEPTA,9999999999.0,,,,,,N,,,,,,,,,,,,,1,99999999.0,11.0
2008007273,99.0,8,1234 MARKET ST,,PHILADELPHIA,PA,99999,SEPTA,9999999999.0,999999.0,,,,,N,,,,,,,,,,,,,1,0.0,11.0
2008018231,3.0,1,PO BOX 405 RT 10 GREEN,,READING,PA,19603,COYNE CHEMICAL,2157853000.0,,,,,,N,,,,,,,,,,,,,2,99999999.0,8.0
2007046307,99.0,8,1234 MARKET ST,,PHILADELPHIA,PA,99999,SEPTA,9999999999.0,999999.0,,,,,N,,,,,,N,,,,,,,2,99999999.0,11.0
2007051518,5.0,1,PO BOX 29243,,PHOENIX,AZ,850389243,SWIFT TRANSPORTATION,8008007315.0,999999.0,,,,,N,,,,,,N,,,,,,,1,54283.0,8.0
2007056668,2.0,8,1234 MARKET ST,,PHILA,PA,19107,SEPTA,9999999999.0,99999.0,,,,,N,,,,,,N,,,,,,,1,9.0,11.0
2007056816,2.0,8,1234 MARKET ST,,PHILA,PA,19107,SEPTA,9999999999.0,9999.0,,,,,N,,,,,,N,,,,,,,1,9.0,11.0
2007080976,2.0,8,1234 MARKET 14TH FLOOR,,PHILADELPHIA,PA,19107,SOUTHEASTERN PENNSYLVAIN TRANS,2155804275.0,,,,,,N,,,,,,N,,,,,,,2,99999999.0,11.0
2007106170,99.0,8,1234 MARKET ST 14TH FL,,PHILADELPHIA,PA,19107,SEOPTA,9999999999.0,,,,,,N,,,,,,,,,,,,,1,99999999.0,11.0
2007106461,99.0,1,6931 LUDLOW ST,,PENSACOLA,FL,82505,TOWNSEND PURIFOY,9999999999.0,,,,,,N,,,,,,,,,,,,,2,99999999.0,6.0
2007120539,99.0,1,ABA ENTERPISES INC,1474  GALLIA PK,HAVERHILL,OH,45636,DIANE LAYNE,9999999999.0,,,,,,N,,,,,,,,,,,,,2,99999999.0,6.0
2008029609,99.0,8,UNKNOWN,,PHILADELPHIA,PA,99999,SEPTA,9999999999.0,,,,,,N,,,,,,,,,,,,,1,99999999.0,11.0
2008053062,99.0,1,1165  SANCTUARY PKWY,,ALPHARETTA,GA,30004,LEASE PLAN USA INC,9999999999.0,,,,,,N,,,,,,,,,,,,,2,,6.0
2007022280,99.0,8,1234 MARKET ST 14TH FL,,PHILADELPHIA,PA,19107,SEPTA,9999999999.0,,,,,,N,,,,,,,,,,,,,1,99999999.0,11.0
2007056733,99.0,1,17TH & ARSENAL BLVD,,HARRISBURG,PA,99999,PENNDOT,9999999999.0,41000.0,,,,,N,,,,,,,,,,,,,1,99999999.0,5.0
2007057364,99.0,8,ZZZZZZZZZZ,,PHILADELPHIA,PA,99999,SEPTA,9999999999.0,999999.0,,,,,,,,,,,,,,,,,,3,99999999.0,11.0
2007067325,99.0,8,2500 WHEATSHEAF,,PHILADELPHIA,PA,19137,DURHAMS SCHOOL,9999999999.0,,,,,,N,,,,,,,,,,,,,2,99999999.0,11.0
2007096739,99.0,8,1260 E WOODLAND AVE,SUITE 220,SPRINGFIELD,PA,99999,KEYSTONE TRANSPORT,9999999999.0,,,,,,N,,,,,,,,,,,,,1,99999999.0,11.0
2007107924,99.0,8,1234 MARKET ST 14TH FL,,PHILADELPHIA,PA,19107,SEPTA,9999999999.0,,,,,,N,,,,,,,,,,,,,2,99999999.0,11.0
2007109126,99.0,1,13026 BLAKESLE DR,,PHILADELPHIA,PA,19116,DMITRY & SON TRUCKING INC,9999999999.0,,,,,,N,,,,,,,,,,,,,2,99999999.0,99.0
2007109404,99.0,8,1234 MARKET ST 14TH FL,,PHILADELPHIA,PA,19107,SEPTA,9999999999.0,,,,,,N,,,,,,,,,,,,,2,99999999.0,11.0
2008005765,2.0,1,5250OLDNAUMERRD,,FORT WAYNE,ID,46803,PENSHELEASING CO,2152892111.0,,,,,,N,,,,,,N,,,,,,,2,99999999.0,3.0
2008037337,2.0,9,635 LUCKNOW RD,,HARRISBURG,PA,17110,PROTECTION SERVICES INC,7172369307.0,,,,,,N,,,,,,,,,,,,,2,99999999.0,3.0
2007047004,2.0,8,3740 E THOMPSON ST,,PHILADLEPHIA,PA,19137,ATLANTIC EXPRESS OF PA,2154575472.0,99999.0,,,,,N,,,,,,,,,,,,,1,0.0,10.0
2007051171,99.0,9,315 CRESTVIEW AVE,,BLEMHEIM,NJ,08012,MARKTRANSINC,9999999999.0,999999.0,,,,,,,,,,,N,,,,,,,1,99999999.0,99.0
2007058158,99.0,8,1234 MARKET ST,14TH FLOOR,PHILADELPHIA,PA,19107,SEPTA,9999999999.0,999999.0,,,,,N,,,,,,U,,,,,,,2,99999999.0,11.0
2007092288,99.0,8,1234 MARKET ST 14TH FL,,PHILADELPHIA,PA,19107,SEPTA,9999999999.0,,,,,,N,,,,,,,,,,,,,1,99999999.0,11.0
2007092288,99.0,1,UNKNOWN,,UNKNOWN,NC,99999,UNKNOWN,9999999999.0,,,,,,N,,,,,,,,,,,,,2,99999999.0,99.0
2007093565,99.0,1,1401 HADDONFIELD BERLIN,,CHERRY HILL,NJ,08034,RYDER TRUCK RENTAL,9999999999.0,,,,,,N,,,,,,,,,,,,,2,99999999.0,99.0
2007098981,99.0,8,1234 MARKET ST,,PHILADELPHIA,PA,19107,SEPTA,9999999999.0,999999.0,,,,,N,,,,,,,,,,,,,1,99999999.0,11.0
2007106347,2.0,9,119 MOONACHIE AVENUE,,MOONACHIE,PA,07074,RYDER TRUCK RENTAL,2156761447.0,255000.0,,,,,N,,,,,,N,,,,,,,1,99999999.0,99.0
2007038508,99.0,8,440 N BROAD ST,,PHILADELPHIA,PA,19130,PHILADELPHIA SCHOOL DISTRICT,9999999999.0,999999.0,,,,,N,,,,,,U,,,,,,,1,99999999.0,11.0
2007067175,99.0,8,734 SCHUYLKILL AVE,,PHILADELPHIA,PA,19146,PHILA SCHOOL DIST,9999999999.0,,,,,,N,,,,,,,,,,,,,2,99999999.0,11.0
2007080086,99.0,8,1234 MARKET ST 14TH FL,,PHILADELPHIA,PA,19107,SEPTA,9999999999.0,,,,,,N,,,,,,,,,,,,,2,99999999.0,11.0
2007098583,99.0,8,1234 MARKET ST 14TH FL,,PHILADELPHIA,PA,19107,SEPTA,9999999999.0,,,,,,N,,,,,,,,,,,,,2,99999999.0,11.0
2008003733,2.0,1,3431 N 19TH STREET,,PHILADELPHIA,PA,19132,K TRUCKING,2679708926.0,80000.0,,,,,N,,,,,,N,,,,,,,2,246529.0,99.0
2008007313,2.0,8,1234 MARKET ST,14TH FLOOR,PHILADELPHIA,PA,19104,SEPTA,9999999999.0,999999.0,,,,,N,,,,,,N,,,,,,,1,0.0,11.0
2008016364,99.0,8,1234 MARKET ST 14TH FL,,PHILADELPHIA,PA,19107,SEPTA,9999999999.0,,,,,,N,,,,,,,,,,,,,1,99999999.0,11.0
2008038974,99.0,9,100 S BROAD ST,,PHILADELPHIA,PA,99999,CITY OF PHILA,9999999999.0,6200.0,,,,,N,,,,,,,,,,,,,2,99999999.0,99.0
2007028463,99.0,8,1260 E. WOODLANE AVE,,PHILADELPHIA,PA,99999,KEYSTONE QUALITY TRANSPORT,9999999999.0,,,,,,N,,,,,,,,,,,,,2,99999999.0,10.0
2007047336,2.0,8,1234 MARKET ST,,PHILA,PA,19107,SEPTA,9999999999.0,99999.0,,,,,N,,,,,,N,,,,,,,1,9.0,11.0
2007048213,99.0,8,1234 MARKET ST 14 FLR,,PHILADLELPHIA,PA,19107,SEPTA,9999999999.0,999999.0,,,,,N,,,,,,N,,,,,,,1,99999999.0,11.0
2007057533,99.0,8,1234 MARKET ST,14TH FLOOR,PHILADELPHIA,PA,99999,SEPTA,9999999999.0,999999.0,,,,,N,,,,,,N,,,,,,,1,99999999.0,11.0
2007081166,99.0,8,1234 MARKET ST 14TH FL,,PHILADELPHIA,PA,19107,SEPTA,9999999999.0,,,,,,N,,,,,,,,,,,,,1,99999999.0,11.0
2007081166,99.0,8,CASTOR & ARAMINGO,,PHILADELPHIA,PA,99999,CONNECT CUSTOMIZE TRANSPORT,9999999999.0,,,,,,N,,,,,,,,,,,,,2,99999999.0,99.0
2007081166,99.0,9,UNKNOWN,,UNKNOWN,PA,99999,UNKNOWN,9999999999.0,,,,,,N,,,,,,,,,,,,,4,99999999.0,99.0
2007093598,99.0,1,P.O. BOX 657,,ALLENWOOD,NJ,99999,HUB INTERNATIONAL,9999999999.0,,,,,,N,,,,,,,,,,,,,2,99999999.0,6.0
2007097827,2.0,8,1234 MARKET ST,,PHILADELPHIA,PA,19107,SEPTA,9999999999.0,999999.0,,,,,N,,,,,,N,,,,,,,3,,11.0
2007097875,99.0,1,UNKNOWN,,UNKNOWN,ZZ,99999,UNKNOWN,9999999999.0,,,,,,N,,,,,,,,,,,,,2,99999999.0,99.0
2007099145,99.0,8,1234 MARKET ST 14TH FL,,PHILADELPHIA,PA,19107,SEPTA,9999999999.0,999999.0,,,,,N,,,,,,N,,,,,,,1,,11.0
2007110365,4.0,1,1845 PETERSON,,DOUGLAS,GA,31535,M TRUCKING,8886653601.0,,,,,,N,,,,,,N,,,,,,,2,99999999.0,6.0
2007117240,99.0,8,1234 MARKET ST 14TH FL,,PHILADELPHIA,PA,19107,SEPTA,9999999999.0,,,,,,N,,,,,,,,,,,,,2,99999999.0,11.0
2008018052,2.0,7,408 S OAK AVE RM 402516,,PRIMOS,PA,19018,WASTE MANAGEMENT OF PA INC,6102308348.0,732800.0,,,,,N,,,,,,N,,,,,,,1,344050.0,3.0
2007022300,99.0,8,1234 MARKET ST 14TH FL,,PHILADELPHIA,PA,19107,SEPTA,9999999999.0,,,,,,N,,,,,,,,,,,,,3,99999999.0,11.0
2007047915,99.0,9,8848 STATE ROUTE 121,,BRADFORD,OH,453089631,DICK LAVY TRUCKING,8003455289.0,80000.0,,,,,N,,,,,,N,,,,,,,2,220141.0,8.0
2007048848,99.0,8,4730 MARKET STREET,,PHILADELPHIA,PA,19139,SAFECARE AMBULANCE SEVICES,9999999999.0,,,,,,,,,,,,,,,,,,,2,99999999.0,10.0
2007055178,5.0,1,301 NORTH 7TH STREET,,KENTLAND,IN,47951,RAVENS TRUCKING INC,8003588340.0,80000.0,,,,,N,,,,,,N,,,,,,,2,495260.0,8.0
2007056665,99.0,9,PO BOX 905,,MABELVALE,AR,72103,ARKASAS EQUIPMENT LEASING,9999999999.0,99999.0,,,,,N,,,,,,N,,,,,,,2,9.0,8.0
2007080885,99.0,1,3611 NW 124TH AVE,,CRAL SPRINGS,FL,33065,DTL TRANSPORTATION INC,9999999999.0,,,,,,N,,,,,,,,,,,,,1,99999999.0,6.0
2007080919,3.0,2,2700 W PASSYUNK AVENUE,,PHILADELPHIA,PA,19145,SONOCO INC,2154095990.0,,9.0,,,,Y,9.0,,,,,N,,,,,,,2,99999999.0,6.0
2007110862,99.0,8,1234 MARKET ST 14TH FL,,PHILADELPHIA,PA,19107,SEPTA,9999999999.0,,,,,,N,,,,,,,,,,,,,1,99999999.0,11.0
2007124164,99.0,8,1242 S 47TH ST,,PHILADELPHIA,PA,19143,LADY LIBERTY TRANSPORTATION CO,9999999999.0,999999.0,,,,,N,,,,,,N,,,,,,,1,99999999.0,11.0
2008008875,4.0,7,3000 HEDLEY,,PHILADELPHIA,PA,19137,ALLIED WASTE SERVICE,2157442900.0,73280.0,,,,,N,,,,,,N,,,,,,,2,962087.0,4.0
2007047871,99.0,9,CALCON HOOK ROAD,PO BOX 132,FOLCROFT,PA,19032,FOLCROFT TRANSPORTATION INC,9999999999.0,80000.0,,,,,,,,,,,,,,,,,,2,99999999.0,9.0
2007061232,4.0,4,1699 CROWN POINT,THOROFARE,THOROFARE,NJ,08086,ZEISLOFT TRUCKING LLC,8568489020.0,80000.0,,,,,N,,,,,,N,,,,,,,1,1102588.0,4.0
2007067196,99.0,1,315 CRESTVIEN AVE,,BLUENHEIM,NJ,08012,MARK TRANS INC,9999999999.0,,,,,,N,,,,,,,,,,,,,1,99999999.0,99.0
2007067196,99.0,1,17TH & ARSENAL RD,,HARRISBURG,PA,17120,PENNDOT,9999999999.0,58400.0,,,,,N,,,,,,,,,,,,,3,99999999.0,5.0
2007067475,99.0,8,1234 MARKET ST 14TH FL,,PHILADELPHIA,PA,19107,SEPTA,9999999999.0,,,,,,N,,,,,,,,,,,,,2,99999999.0,11.0
2007067479,99.0,8,1234 MARKET ST 14TH FL,,PHILADELPHIA,PA,19107,SEPTA,9999999999.0,,,,,,N,,,,,,,,,,,,,1,99999999.0,11.0
2007080866,99.0,8,6821 NORWITCH DRIVE,,PHILADELPHIA,PA,19153,ALL CITY TRANSPORTATION INC,9999999999.0,999999.0,,,,,N,,,,,,N,,,,,,,1,99999999.0,11.0
2007081136,3.0,2,321 MAPLE AV,,HORSHAM,PA,19044,FRANKENVIRONMENTALINC,2159970920.0,584000.0,,,,,N,,,,,,,,,,,,,3,796027.0,4.0
2007092599,2.0,8,1234 MARKST ST,,PHILA,PA,99999,SEPTA,9999999999.0,99999.0,,,,,N,,,,,,N,,,,,,,1,9.0,11.0
2007112117,99.0,8,2905 ABBOTTSFORD AVE,,PHILADELPHIA,PA,19129,PHILLY TRANSPORTATION,9999999999.0,,,,,,N,,,,,,,,,,,,,1,99999999.0,11.0
2007120695,2.0,8,1234 MARKET ST,14TH FLOOR,PHILADELPHIA,PA,99999,SEPTA,9999999999.0,999999.0,,,,,N,,,,,,N,,,,,,,1,0.0,11.0
2007058126,2.0,8,1234 MARKET ST,,PHILADELPHIA,PA,19107,SEPTA,9999999999.0,99999.0,,,,,N,,,,,,N,,,,,,,1,9.0,11.0
2007067477,99.0,9,1500 N MANTUA ST,,KENT,OH,44240,DAVEY TREE EXPERT CO,9999999999.0,,,,,,N,,,,,,,,,,,,,3,99999999.0,99.0
2007082495,99.0,1,310 BORRELLI BLVD,,PAULSBORO,NJ,08066,WILKIE TRUCKING INC,9999999999.0,,,,,,N,,,,,,,,,,,,,1,99999999.0,6.0
2007123823,99.0,8,6821 NORWITCH DR,,PHILADELPHIA,PA,19153,ALL CITY,9999999999.0,,,,,,N,,,,,,,,,,,,,1,99999999.0,11.0
2008004851,99.0,1,9000 MIDLANTRE DR,,MY=T LAUREL,NJ,08054,FEDERAL EXPRESS CORP,9999999999.0,16000.0,,,,,N,,,,,,,,,,,,,1,99999999.0,5.0
2008017069,99.0,1,1302 CONSHOHOCKEN RD SU,,CONSHOHOCKEN,PA,19428,UTILITY LINE INC,9999999999.0,33000.0,,,,,N,,,,,,,,,,,,,1,99999999.0,5.0
2008053189,99.0,8,1234 MARKET ST 14TH FL,,PHILADELPHIA,PA,19107,SEPTA,9999999999.0,,,,,,N,,,,,,,,,,,,,1,,11.0
2007022111,99.0,1,2334 N 24TH ST,,PHILADELPHIA,PA,19132,AJ CRUMBLY ENTERPRISES,9999999999.0,58400.0,,,,,N,,,,,,,,,,,,,2,99999999.0,5.0
2007022497,2.0,8,1234 MARKET ST 14TH FL,,PHILADELPHIA,PA,19151,SEPTA,9999999999.0,999999.0,,,,,N,,,,,,N,,,,,,,3,99999999.0,11.0
2007022510,99.0,8,1234 MARKET ST 14TH FL,,PHILADELPHIA,PA,19107,SEPTA,9999999999.0,,,,,,N,,,,,,,,,,,,,1,99999999.0,11.0
2007080400,99.0,1,10220 W RENO,,OKLAHOMA CITY,OK,73127,US EXPRESS LEASING,9999999999.0,,,,,,N,,,,,,,,,,,,,1,99999999.0,8.0
2007081078,99.0,8,1234 MARKET ST 14TH FL,,PHILADELPHIA,PA,19107,SEPTA,9999999999.0,,,,,,N,,,,,,,,,,,,,2,99999999.0,11.0
2007097338,99.0,9,2223 W SEDGLEY AVE,,PHILADELPHIA,PA,99999,ABRAHAM JONES,9999999999.0,27500.0,,,,,N,,,,,,,,,,,,,4,99999999.0,99.0
2007107945,99.0,0,1234 MARKET ST,,PHILADELPHIA,PA,19107,SEPTA,9999999999.0,,,,,,N,,,,,,N,,,,,,,2,99999999.0,10.0
2007120731,99.0,8,1234 MARKET ST 14TH FL,,PHILADELPHIA,PA,19107,SEPTA,9999999999.0,,,,,,N,,,,,,,,,,,,,2,99999999.0,11.0
2007120791,99.0,8,1234 MARKET ST 14TH FL,,PHILADELPHIA,PA,19107,SEPTA,9999999999.0,,,,,,N,,,,,,,,,,,,,1,99999999.0,11.0
2008003828,99.0,9,3323 S. 61ST ST,,PHILADELPHIA,PA,99999,GOLD MEDAL DISPOSAL,9999999999.0,73000.0,,,,,N,,,,,,,,,,,,,1,99999999.0,99.0
2008017393,99.0,8,1234 MAKET ST 14TH FL,,PHILADELPHIA,PA,19107,SEPTA,9999999999.0,,,,,,N,,,,,,,,,,,,,2,99999999.0,11.0
2007065653,99.0,1,12 SOUTH 23RD ST,,PHILADELPHIA,PA,99999,PHILA HOUSING AUTHORITY,9999999999.0,15000.0,,,,,N,,,,,,,,,,,,,1,99999999.0,5.0
2007118097,99.0,9,258 MELROSE AVE,,LANSDOWNE,PA,19050,VERTIS PERKINS,9999999999.0,,,,,,N,,,,,,,,,,,,,1,99999999.0,99.0
2008017341,99.0,8,2500 WHEATSHEAF AVE,,PHILADELPHIA,PA,19137,DURHAM SCHOOL,9999999999.0,,,,,,,,,,,,,,,,,,,1,99999999.0,99.0
2007028332,99.0,8,3740 E. THOMPSON,,PHILADELPHIA,PA,99999,ATLANTIC EXPRESS,9999999999.0,,,,,,N,,,,,,,,,,,,,2,99999999.0,11.0
2007047926,2.0,8,1234 MARKET ST,,PHILA,PA,19107,SEPTA,9999999999.0,99999.0,,,,,N,,,,,,N,,,,,,,1,9.0,11.0
2007056571,99.0,9,UNKNOWN,,UNKNOWN,ZZ,999999999,UNKNOWN,9999999999.0,11400.0,,,,,N,,,,,,U,,,,,,,2,99999999.0,99.0
2007057014,99.0,8,5915 HARBISON AVE,,PHILADELPHIA,PA,19135,DAVES LIMOUSINE,9999999999.0,999999.0,,,,,N,,,,,,N,,,,,,,2,,10.0
2007081596,99.0,8,1234 MARKET ST,,PHILADELPHIA,PA,19107,SOUTHEASTERN PA TRANSPORT,9999999999.0,,,,,,N,,,,,999999999.0,N,,,,,,,3,99999999.0,10.0
2007091928,99.0,9,1124 CHESTNUT ST,,CHESTER,PA,19013,JAMES C LOGAN INC,9999999999.0,54000.0,,,,,N,,,,,,,,,,,,,1,99999999.0,99.0
2007109395,99.0,8,1234 MARKET ST 14TH FL,,PHILADELPHIA,PA,19107,SEPTA,9999999999.0,,,,,,N,,,,,,,,,,,,,1,99999999.0,11.0
2007110858,99.0,8,1234 MARKET ST 14TH FL,,PHILADELPHIA,PA,19107,SEPTA,9999999999.0,,,,,,N,,,,,,,,,,,,,1,99999999.0,11.0
2007120708,99.0,8,1234 MARKET ST 14TH FLR,,PHILADELPHIA,PA,19107,SEPTA,9999999999.0,999999.0,,,,,N,,,,,,U,,,,,,,3,99999999.0,11.0
2007125107,99.0,8,4157 CRESSON ST,,PHILADELPHIA,PA,19127,LEAHY TRANSPORTATION,9999999999.0,999999.0,,,,,N,,,,,,U,,,,,,,1,0.0,10.0
2008018044,99.0,8,1234 MARKET ST 14TH FL,,PHILADELPHIA,PA,19107,SEPTA,9999999999.0,,,,,,N,,,,,,,,,,,,,1,99999999.0,11.0
2007023094,99.0,8,1234 MARKET ST 14TH FL,,PHILADELPHIA,PA,19107,SEPTA,9999999999.0,,,,,,N,,,,,,,,,,,,,2,99999999.0,11.0
2007048275,99.0,8,1234 MARKET ST 14TH FL,,PHILADELPHIA,PA,19107,SEPTA,9999999999.0,999999.0,,,,,N,,,,,,U,,,,,,,1,99999999.0,11.0
2007056641,2.0,8,484 S MOUNTAIN BL,PO BOX 127,MOUNTAINTOP,PA,18707,CENTRAL FLORIDA CL,9999999999.0,99999.0,,,,,N,,,,,,N,,,,,,,1,9.0,11.0
2007067335,99.0,8,UNKNOWN,UNKNOWN,PHILADELPHIA,PA,19107,SEPTA,9999999999.0,,,,,,N,,,,,,,,,,,,,1,99999999.0,11.0
2007080419,99.0,8,1234 MARKET ST 14TH FL,,PHILADELPHIA,PA,19107,SEPTA,9999999999.0,,,,,,N,,,,,,,,,,,,,1,99999999.0,11.0
2007106089,99.0,8,1234 MARKET ST 14TH FL,,PHILADELPHIA,PA,19107,SEPTA,9999999999.0,,,,,,N,,,,,,,,,,,,,2,99999999.0,11.0
2008051619,99.0,9,115 WEST STATE,,MEDIA,PA,19063,PHOENIX CONTRACTOR,6105656464.0,226500.0,,,,,N,,,,,,N,,,,,,,1,,99.0
2007023092,99.0,8,1234 MARKET ST 14TH  FL,,PHILADELPHIA,PA,19107,SEPTA,9999999999.0,,,,,,N,,,,,,,,,,,,,1,99999999.0,11.0
2007023092,99.0,8,1234 MARKET ST 14TH FL,,PHILADELPHIA,PA,19107,SEPTA,9999999999.0,,,,,,N,,,,,,,,,,,,,2,99999999.0,11.0
2007048955,99.0,6,25 SOUTH SIDE INDUSTRIA,,ATLANTA,GA,30354,ALLIED SYSTEMS LTD,4043710379.0,80000.0,,,,,N,,,,,213250.0,,,,,,,,3,438719.0,6.0
2007060120,99.0,8,3217 W. CHESTER PK STE,,NEWTOWN SQ,PA,19073,DELUXE TRANSPORT CO,9999999999.0,,,,,,N,,,,,,,,,,,,,1,99999999.0,10.0
2007066220,5.0,2,2580 EXECUTIVE RD,,WINTER HAVEN F,FL,338841163,INDIAN RIVER TRANSPORT COMPANY,8635950047.0,80000.0,,,,,N,,,,,,N,,,,,,,1,1186892.0,8.0
2007066381,99.0,1,14300 TOWNSEN RD,,PHILADELPHIA,PA,19154,FED EX GROUND SYSTEM,9999999999.0,22000.0,,,,,N,,,,,,,,,,,,,2,99999999.0,5.0
2007067470,99.0,8,940 RIDGEBROOK,,NORWALK,CT,06856,DL PETERSON TRUST,9999999999.0,,,,,,N,,,,,,,,,,,,,1,99999999.0,10.0
2007067906,99.0,9,1845 BYBERRY RD,,HUNTINGDON VALLEY,PA,19006,HUNTINGDON VALLEY CHRISTIAN AC,9999999999.0,999999.0,,,,,N,,,,,,U,,,,,,,2,99999999.0,99.0
2007080853,99.0,8,4730 MARKET ST,,PHILADELPHIA,PA,19107,SAFE CARE AMBULANCE,9999999999.0,,,,,,N,,,,,,,,,,,,,1,99999999.0,10.0
2008000671,99.0,9,3681 OKEMOS RD,SUITE 500,OKEMOS,MI,99999,BAVARIAN MOTOR TRANS,9999999999.0,999999.0,,,,,N,,,,,,N,,,,,,,2,,8.0
2008005250,99.0,7,3000 E HADLEY ST,,PHILADELPHIA,PA,19137,BFI WASTE SERVICES,9999999999.0,,,,,,N,,,,,,,,,,,,,2,99999999.0,5.0
2008029788,99.0,8,1234 MARKET ST 14TH FL,,PHILADELPHIA,PA,19107,SEPTA,9999999999.0,,,,,,N,,,,,,,,,,,,,2,99999999.0,11.0
2007046320,99.0,9,208 CHELSEA AVE,,NORTH HILLS,PA,19038,THOMAS WEST,9999999999.0,99999.0,,,,,N,,,,,,N,,,,,,,8,9.0,8.0
2007047858,99.0,8,UNKNOWN,,PHILADELPHIA,PA,99999,SEPTA,9999999999.0,999999.0,,,,,N,,,,,,U,,,,,,,2,99999999.0,11.0
2007066434,99.0,8,1234ARKET ST,,PHILADELPHIA,PA,19120,SEPTA,9999999999.0,999999.0,,,,,,,,,,,,,,,,,,1,99999999.0,11.0
2007066518,99.0,8,1234 MARKET ST 14TH FL,,PHILADELPHIA,PA,19107,SEPTA,9999999999.0,,,,,,N,,,,,,,,,,,,,1,99999999.0,11.0
2007123993,99.0,8,1234 MARKET ST 14TH FL,,PHILADELPHIA,PA,19107,SEPTA,9999999999.0,,,,,,N,,,,,,,,,,,,,1,99999999.0,11.0
2008000433,99.0,7,3323 S 61ST ST,,PHILADELPHIA,PA,19153,GOLD MEDAL DISPOSAL,9999999999.0,,,,,,N,,,,,,,,,,,,,1,99999999.0,5.0
2007046313,99.0,8,4300 ARAMINGO AVE,,PHILADELPHIA,PA,19124,ROBINSON BUS SERVICE DBA DURHAM,9999999999.0,99999.0,,,,,N,,,,,,N,,,,,,,4,9.0,11.0
2007056533,99.0,9,1715 YANKEE DOODLE RD,,EAGAN,MN,55121,TRANSP. CORP. OFAMERICA,9999999999.0,99999.0,,,,,N,,,,,,N,,,,,,,1,9.0,8.0
2007067243,99.0,8,1234 MARKET ST 14TH FL,,PHILADALPHIA,PA,19107,SEPTA,9999999999.0,,,,,,N,,,,,,,,,,,,,2,99999999.0,11.0
2007067243,99.0,8,1234 MARKET ST 14TH FL,,PHILADELPHIA,PA,19107,SEPTA,9999999999.0,,,,,,N,,,,,,,,,,,,,3,99999999.0,11.0
2007082933,99.0,8,2500 WHEATSHEAF,,PHILADELPHIA,PA,19137,DURHAM SCHOOL SERV,9999999999.0,999999.0,,,,,N,,,,,,N,,,,,,,1,,11.0
2007099096,5.0,2,463 OLD READING PIKE,P O BOX 3156,POTTSTOWN,PA,99999,GOODMAN TANK LIES INC,6109709250.0,,1.0,2.0,3.0,,Y,1.0,1.0,1.0,,,,,,,,,,1,761708.0,8.0
2007107740,99.0,1,9681 US HWY 24 WEST,,WOLCOTT,IN,47995,ROADLINK USA NATIONAL LLC,9999999999.0,890000.0,,,,,N,,,,,,N,,,,,,,2,110533.0,8.0
2007054812,3.0,8,ONE PENN PLAZA,,NEWARK,NJ,07105,NOT TRANSIT CORP,7722222.0,46000.0,,,,,N,,,,,,N,,,,,,,2,48012.0,11.0
2007095055,99.0,9,100 S. BROAD ST,,PHILADELPHIA,PA,99999,CITY OF PHILADELPHIA,9999999999.0,,,,,,N,,,,,,,,,,,,,1,99999999.0,99.0
2007097852,99.0,1,1922 RIVER RD,,BURLINGTON TWP,PA,08016,FREEDOM INT. TRUCKS,9999999999.0,,,,,,N,,,,,,,,,,,,,2,99999999.0,6.0
2008016463,99.0,1,74TH LINDBERGH BLVD,,PHILADELPHIA,PA,99999,US GOV. POSTAL,9999999999.0,,,,,,N,,,,,,,,,,,,,1,99999999.0,6.0
2008017009,99.0,8,1234 MARKET ST 14TH FL,,PHILADELPHIA,PA,19107,SEPTA,9999999999.0,,,,,,N,,,,,,,,,,,,,1,99999999.0,11.0
2007027999,99.0,9,4 MANHATTAN DR,,BURLINGTON,NJ,08016,MILK IMD MGMT CORP,9999999999.0,999999.0,,,,,N,,,,,,N,,,,,,,2,99999999.0,99.0
2007046706,2.0,1,15 E OREGON AVE,,PHILA,PA,19148,UNITED PARCEL SERVICE,8008747447.0,17000.0,,,,,N,,,,,,N,,,,,,,3,,3.0
2007108865,99.0,8,1234 MARKET ST 14TH FL,,PHILADELPHIA,PA,19107,SEPTA,9999999999.0,,,,,,N,,,,,,,,,,,,,1,99999999.0,11.0
2007126445,99.0,1,570 FURNACE HILLS PK,,LITITZ,PA,17543,SAUDER TRANSPORTATION,7173413013.0,,,,,,N,,,,,,,,,,,,,1,99999999.0,6.0
2007027518,99.0,1,6250 BALTIMORE AVE,,YEADON,PA,19050,RIDGEWAY INDUSTRIES,9999999999.0,32900.0,,,,,N,,,,,,,,,,,,,1,99999999.0,5.0
2007027625,99.0,8,1234 MARKET ST 14TH FL,,PHILADELPHIA,PA,19107,SEPTA,9999999999.0,,,,,,N,,,,,,,,,,,,,2,99999999.0,11.0
2007028270,99.0,1,UNKNOWN,,UNKNOWN,ZZ,99999,UNKNOWN,9999999999.0,,,,,,N,,,,,,,,,,,,,2,99999999.0,6.0
2007047864,99.0,8,2500 WHEATSHEAF LANE,,PHILA,PA,19137,DURHAM SCHOOL SERVICES LP,2155357300.0,99999.0,,,,,N,,,,,,N,,,,,,,2,9.0,11.0
2007056729,99.0,9,3466 PROGRESS DR,STE116,BENSALEM,PA,19020,ARMEN PETROSSIAN & ITALIAN CHARM,9999999999.0,19500.0,,,,,N,,,,,,N,,,,,,,1,99999999.0,9.0
2007058157,2.0,8,1234 MARKET ST,,PHILADELPHIA,PA,19107,SEPTA,9999999999.0,,,,,,N,,,,,,U,,,,,,,1,,11.0
2007067401,99.0,8,4070 SKYRON DR,,DOYLESTOWN,PA,18902,FIRST STUDENT,9999999999.0,999999.0,,,,,N,,,,,,U,,,,,,,1,99999999.0,10.0
2007082918,99.0,8,1234 MARKET ST 14TH FL,,PHILADELPHIA,PA,19107,SEPTA,9999999999.0,,,,,,N,,,,,,,,,,,,,1,99999999.0,11.0
2007092335,99.0,8,UNKNOWN,,PHILADELPHIA,PA,99999,SEPTA,9999999999.0,,,,,,N,,,,,,,,,,,,,2,99999999.0,11.0
2007106580,99.0,8,1234 MARKET STREET,14TH FLOOR,PHILADELPHIA,PA,19107,SEPTA,9999999999.0,,,,,,,,,,,,,,,,,,,1,99999999.0,11.0
2008017375,99.0,1,10 BELLVIEW RD,,MARYSVILLE,PA,17053,PAUL BITTING,9999999999.0,,,,,,N,,,,,,,,,,,,,2,,5.0
2008018635,99.0,9,425 WERNER AVENUE,,GLENOLDEN,PA,19036,HART AND SON,6106335356.0,,,,,,N,,,,,,N,,,,,,,1,99999999.0,99.0
2007034558,5.0,1,1393 BALTIMORE,,WAWA,PA,19063,WAWA INC,6103588701.0,65000.0,,,,,N,,,,,,N,,,,,,,3,54652.0,8.0
2007047821,99.0,8,1234 MARKET STREET,14TH FLOOR,PHILADELPHIA,PA,19107,SEPTA,9999999999.0,999999.0,,,,,N,,,,,,N,,,,,,,1,,11.0
2007047821,99.0,8,1234 MARKET STREET,14TH FLOOR,PHILADELPHIA,PA,19107,SEPTA,9999999999.0,999999.0,,,,,N,,,,,,N,,,,,,,2,,11.0
2007048907,99.0,1,7703 N 59TH ST,,SUMMIT,IL,60501,DANA TRANSPORT,9999999999.0,99999.0,,,,,N,,,,,,N,,,,,,,1,9.0,8.0
2007051125,99.0,8,3740 E THOMPSON ST,,PHILADELPHIA,PA,19137,ATLANTIC EXPRESS,2155375405.0,,,,,,N,,,,,,N,,,,,,,2,99999999.0,11.0
2007057513,99.0,8,1234 MARKET ST 14TH FL,,PHILADELPHIA,PA,19107,SEPTA,2157439700.0,,,,,,N,,,,,,N,,,,,,,2,99999999.0,11.0
2007067181,99.0,1,RT 10 GREEN HILLS,PO BOX 405,READING,PA,19603,PENSKE TRUCK LEASING,2155375200.0,,,,,,N,,,,,,N,,,,,,,1,99999999.0,4.0
2007079939,99.0,1,853 E. LYCOMING ST,,PHILADELPHIA,PA,19124,OCONNER TRUCK LEASING,9999999999.0,,,,,,N,,,,,,,,,,,,,1,99999999.0,6.0
2007080840,99.0,9,1608 BUTLER PIKE,,CONSHOHOCKEN,PA,19401,ED BOWES EXXON,9999999999.0,19500.0,,,,,N,,,,,,N,,,,,,,2,,5.0
2007082919,2.0,8,1234 MARKET ST 14TH FL,,PHILADELPHIA,PA,19107,SEPTA,2155806407.0,,,,,,N,,,,,,N,,,,,,,2,99999999.0,11.0
2007084618,99.0,8,UNKNOWN,,PHILADELPHIA,PA,19107,SEPTA,9999999999.0,,,,,,N,,,,,,,,,,,,,2,99999999.0,11.0
2007106570,99.0,1,910 NORTH 43RD ST,,PHILADELPHIA,PA,19034,PLATINUM MOVING COMPANY,9999999999.0,,,,,,N,,,,,,,,,,,,,1,99999999.0,99.0
2008018041,99.0,1,1097 COMMERCIAL AVE,PO BOX 329,E PETTERSBURG,PA,17520,TOWN-N-COUNTRY LEASING LLC,9999999999.0,435000.0,,,,,N,,,,,,U,,,,,,,1,99999999.0,6.0
2008037284,99.0,9,100 S. BROAD ST,,PHILADELPHIA,PA,19110,CITY OF PHILADELPHIA,9999999999.0,36280.0,,,,,N,,,,,,,,,,,,,1,99999999.0,99.0
2008054059,99.0,1,408 N TRUCKHAVEN RD,,EAST PEORIA,IL,61611,ROADWAY EXPRESS,9999999999.0,,,,,,N,,,,,,,,,,,,,1,,6.0
2007047502,99.0,8,1234 MARKET ST14TH FL,,PHILADELPHIA,PA,19107,SOUTHEASTERN PENNSYLVANIA TRANSP,9999999999.0,,,,,,,,,,,,,,,,,,,1,99999999.0,11.0
2007047611,99.0,8,1234 MARKET STREET,,PHILADELPHIA,PA,,SEPTA,9999999999.0,,,,,,,,,,,,,,,,,,,1,,11.0
2007047655,99.0,8,1234 MARKET ST,,PHILADELPHIA,PA,19107,S E P T A,9999999999.0,,,,,,N,,,,,,,,,,,,,1,99999999.0,11.0
2007049036,2.0,8,1234 MARKET STREET,,PHILADELPHIA,PA,19107,SEPTA,9999999999.0,,,,,,N,,,,,,N,,,,,,,1,0.0,11.0
2007056871,2.0,1,1401 BERLIN RD,,CHERRY HILL,NJ,08034,RYDER TRUCK RENTAL,9999999999.0,999999.0,,,,,N,,,,,,U,,,,,,,1,99999999.0,3.0
2007057413,99.0,9,11026 RIXEYVILLE RD,,CULPEPER,VA,22701,JAMES GOUGH,9999999999.0,99999.0,,,,,N,,,,,,N,,,,,,,2,9.0,8.0
2007071368,99.0,8,734 SCHUYLKILL AVE,,PHILADELPHIA,PA,19132,SCHOOL DISTRICT OF PHILA,9999999999.0,999999.0,,,,,N,,,,,,N,,,,,,,3,,11.0
2007080141,99.0,1,130 CANAL ST,,SOUTHINGTON,CT,06489,NEW PENN MOTOR EXPRESS,9999999999.0,,,,,,N,,,,,,,,,,,,,1,99999999.0,99.0
2007080156,99.0,8,UNKNOWN,,PHILADELPHIA,PA,99999,SEPTA,9999999999.0,,,,,,N,,,,,,,,,,,,,1,99999999.0,11.0
2007097844,99.0,8,1260 E WOODLAND AVENUE,SUITE 220,SPRINGFIELD,PA,19064,KEYSTONE QUALITY,9999999999.0,999999.0,,,,,N,,,,,,U,,,,,,,2,99999999.0,11.0
2007106169,99.0,8,1234 MARKET ST,,PHILADELPHIA,PA,19107,SEPTA,9999999999.0,999999.0,,,,,N,,,,,,U,,,,,,,1,99999999.0,11.0
2007120204,99.0,8,UNKNOWN,,UNKNOWN,ZZ,99999,UNKNOWN,9999999999.0,,,,,,N,,,,,,,,,,,,,1,99999999.0,11.0
2007027918,99.0,1,443 OLD SAND RD,,RIDGEWAY,VA,24148,WARREN TRUCKING,9999999999.0,,,,,,N,,,,,,,,,,,,,4,9999999.0,6.0
2007029318,99.0,8,1234 MARKET ST 14TH FL,,PHILADELPHIA,PA,19107,SEPTA,9999999999.0,,,,,,N,,,,,,,,,,,,,2,99999999.0,11.0
2007047875,99.0,9,615 NESTER,,NASHVILLE,TN,37210,USF HOLLAND,9999999999.0,99999.0,,,,,N,,,,,,N,,,,,,,2,9.0,8.0
2007047959,4.0,1,7500 LINDBERGH BLVD,,PHILADELPHIA,PA,19176,USPS,9999999999.0,80000.0,,,,,N,,,,,,N,,,,,,,1,9.0,8.0
2007048314,99.0,8,734 SCHUYLKILL AVE,,PHILADELPHIA,PA,19132,PHILADELPHIA SCHOOL DIST.,9999999999.0,999999.0,,,,,N,,,,,,N,,,,,,,2,99999999.0,11.0
2007059595,5.0,2,228 GARDEN RD,,PITTSGROVE,NJ,08318,GARDEN LEASING INC,8006241648.0,80000.0,1.0,2.0,0.0,3.0,Y,9.0,9.0,,9.0,,N,,,,,,,1,907709.0,8.0
2007066308,99.0,9,104 E COLONIAL ST,,PHILADELPHIA,PA,19120,ANDREW BENT,9999999999.0,80000.0,,,,,N,,,,,,,,,,,,,2,99999999.0,99.0
2007076503,99.0,8,1200 CONROY PL,,EASTON,PA,08040,EASTON COACH,9999999999.0,,,,,,N,,,,,,,,,,,,,2,9999999.0,10.0
2007080492,99.0,7,10 REANEY ST,,RIDLEY PARK,PA,19013,REPUBLIC SUS OF PA,6108763600.0,732800.0,,,,,N,,,,,,N,,,,,,,2,99999999.0,9.0
2007082925,99.0,8,1234 MARKET ST 14TH FL,,PHILADELPHIA,PA,19107,SEPTA,2155806414.0,,,,,,N,,,,,,N,,,,,,,1,99999999.0,11.0
2007092770,6.0,1,9119 FRANKFORD AVE,,PHILADELPHIA,PA,19114,JAMES D MORRISSEY INC,2153338006.0,800000.0,,,,,N,,,,,,N,,,,,,,1,10072.0,98.0
2007097856,99.0,8,1234 MARKET ST 14TH FL,,PHILADELPHIA,PA,19107,SEPTA,9999999999.0,,,,,,N,,,,,,,,,,,,,1,99999999.0,11.0
2007098716,99.0,9,100 S BROAD ST 3RD FL,,PHILADELPHIA,PA,19110,CITY OF PHILADELPHIA,9999999999.0,57220.0,,,,,N,,,,,,,,,,,,,1,99999999.0,99.0
2007098833,99.0,1,100 S. BROAD ST,,PHILADELPHIA,PA,19110,CITY OF PHILADELPHIA,9999999999.0,,,,,,N,,,,,,,,,,,,,1,99999999.0,99.0
2007102291,99.0,8,1234 MARKET ST 14TH FL,,PHILADELPHIA,PA,19107,SEPTA,9999999999.0,,,,,,N,,,,,,,,,,,,,1,99999999.0,11.0
2007103252,2.0,8,3740 E THOMPSON ST,,PHILADELPHIA,PA,19137,ATLANTIC EXPRESS OF PA INC,2155375405.0,27080.0,,,,,N,,,,,,N,,A-00111639,,,,,1,,11.0
2007105976,99.0,9,194 RESERVOIR ST,,TRENTON,NJ,99999,DOOR SUPPLY OF NJ INC,9999999999.0,999999.0,,,,,N,,,,,,U,,,,,,,1,99999999.0,99.0
2007105976,99.0,8,1234 MARKET ST,,PHILADELPHIA,PA,99999,SEPTA,9999999999.0,999999.0,,,,,N,,,,,,U,,,,,,,2,99999999.0,11.0
2007109148,99.0,8,734 SCHULKILL AVE,,PHILADELPHIA,PA,19146,PHILA SCHOOL DISTRICT,9999999999.0,,,,,,N,,,,,,,,,,,,,1,99999999.0,11.0
2007110550,99.0,1,1401 HADDONFIELD,,CHERY HILL,NJ,08034,RYDER RENTAL,9999999999.0,,,,,,N,,,,,,,,,,,,,1,99999999.0,8.0
2007110754,99.0,9,17TH & ARSENAL BLVD,,HARRISBURG,PA,17120,PENNDOT,9999999999.0,33000.0,,,,,N,,,,,,,,,,,,,2,99999999.0,99.0
2007120527,3.0,8,1742 N 29TH ST,PHILADELPHIA,PHILA,PA,19121,SCHOOL DIST OF PHILADELPHIA,9999999999.0,10000.0,,,,,N,,,,,,N,,,,,,,2,,11.0
2008008075,99.0,8,440 N. BROAD ST,,PHILADELPHIA,PA,19130,SCHOOL DISTRICT OF PHILA,9999999999.0,,,,,,N,,,,,,,,,,,,,2,99999999.0,11.0
2007022318,99.0,8,734 SCHUYLKILL AVE,,PHILADELPHIA,PA,19146,SCHOOL DISTRICT OF PHILA,9999999999.0,,,,,,N,,,,,,,,,,,,,1,99999999.0,11.0
2007047908,99.0,8,6821 NORWITCH,,PHILADELPHIA,PA,99999,ALL CITY TRANSPORTATION,9999999999.0,999999.0,,,,,N,,,,,,,,,,,,,2,99999999.0,11.0
2007058320,4.0,7,508 E BALTIMORE AVE,,LANSDOWN,PA,19050,ACCURATE TRASH REMOVAL,6102846600.0,73280.0,,,,,N,,,,,,N,,,,,,,1,99999999.0,4.0
2007058320,2.0,8,1234 MARKET ST,14TH FLR,PHILA,PA,19107,SOUTHEASTERN TRANSPORTATION AUTH,2155807145.0,999999.0,,,,,N,,,,,,N,,,,,,,2,99999999.0,10.0
2007080149,99.0,8,734 SCHUYLKILL AVE,,PHILADELPHIA,PA,19146,SCHOOL DIST OF PHILA,9999999999.0,999999.0,,,,,N,,,,,,N,,,,,,,1,,11.0
2007082860,99.0,8,1234 MARKET ST 14TH FL,,PHILADELPHIA,PA,19107,SEPTA,9999999999.0,,,,,,N,,,,,,,,,,,,,2,99999999.0,99.0
2007090156,99.0,1,1176 US ROUTE 40,PO BOX 169,WOODSTOWN,NJ,08098,SU TRANSPORTATION,8563058235.0,80000.0,,,,,N,,,,,,N,,,,,,,1,154323.0,8.0
2007096721,99.0,8,1234 MARKET ST 14TH FL,,PHILADELPHIA,PA,19107,SEPTA,9999999999.0,,,,,,N,,,,,,,,,,,,,1,99999999.0,11.0
2007097966,99.0,1,5110 PULASKI AVE,,PHILADELPHIA,PA,19144,DAVID MCCOY,9999999999.0,999999.0,,,,,,,,,,,,,,,,,,1,99999999.0,8.0
2007098546,99.0,1,1007-1011 W BUTLER ST,,PHILADELPHIA,PA,19132,ROBERT FIGART & SON INC,9999999999.0,33000.0,,,,,N,,,,,,,,,,,,,1,99999999.0,5.0
2007107361,99.0,8,1234 MARKET ST 14TH FL,,PHILADELPHIA,PA,19107,S E P T A,9999999999.0,999999.0,,,,,N,,,,,,U,,,,,,,2,99999999.0,11.0
2007108531,99.0,8,UNKNOWN,,PHILADELPHIA,PA,99999,SOUTHEASTERN TRANSPORTATION,9999999999.0,,,,,,N,,,,,,N,,,,,,,2,99999999.0,11.0
2007123902,99.0,8,1234 MARKET ST 14TH FL,,PHILADELPHIA,PA,19107,SEPTA,9999999999.0,,,,,,N,,,,,,,,,,,,,1,99999999.0,11.0
2008004909,99.0,1,1234 MARKET ST 16TH FL,,PHILADELPHIA,PA,19107,REDEVELOP AUTHORITY OF PHILA,9999999999.0,,,,,,N,,,,,,,,,,,,,2,99999999.0,5.0
2008004924,99.0,8,UNKNOWN,,PHILADELPHIA,PA,99999,SEPTA,9999999999.0,,,,,,N,,,,,,,,,,,,,1,99999999.0,11.0
2008007257,99.0,9,7205 HIBBS LN,,LEVITOWN,PA,19057,CUSTOM FINISHERS,9999999999.0,15000.0,,,,,N,,,,,,,,,,,,,1,99999999.0,99.0
2008017221,99.0,1,463 OLD READING PIKE,,POTTSTOWN,PA,19464,GOODMAN TANK TIRES INC,9999999999.0,,,,,,N,,,,,,,,,,,,,1,99999999.0,8.0
2007027610,99.0,1,3200 E. I-240 SERVICE,,OKLAHOMA CITY,OK,73135,ALLEN FREIGHT SERVICE INC,9999999999.0,,,,,,N,,,,,,,,,,,,,1,99999999.0,6.0
2007046819,99.0,9,607 COUNTY PLACE DR,,LANCASTER,PA,17601,WILLIAM PAGE,9999999999.0,80000.0,,,,,N,,,,,,N,,,,,,,1,99999999.0,8.0
2007079916,99.0,8,1234 MARKET ST 14TH FL,,PHILADELPHIA,PA,19107,SEPTA,9999999999.0,,,,,,N,,,,,,,,,,,,,2,99999999.0,11.0
2007081645,99.0,1,100 KERP RD,,CORLSTADT,NJ,07072,MTLR CORP,9999999999.0,,,,,,N,,,,,,,,,,,,,1,99999999.0,99.0
2007090900,5.0,3,1434 MILL RUN ROAD,,ALTOONA,PA,16601,C L FEATHER INC,9999999999.0,,,,,,N,,,,,,Y,,,,,,,1,156872.0,8.0
2007090901,2.0,4,3567 MILLER ST,,PHILADELPHIA,PA,19134,THOMAS J ROONEY,2679794949.0,175000.0,,,,,N,,,,,,N,,,,,,,1,99999999.0,3.0
2007093181,2.0,8,15110 DALLAS PARKWAY,,DALLAS,TX,75248,GREYHOUND LINES,2159314004.0,,,,,,N,,,,,,N,,,,,,,1,99999999.0,11.0
2007109647,99.0,9,100 S. BROAD ST 3RD,,PHILADELPHIA,PA,19110,CITY OF PHILA,9999999999.0,17995.0,,,,,N,,,,,,,,,,,,,2,99999999.0,99.0
2007124170,2.0,8,3740 E THOMPSON ST,,PHILADELPHIA,PA,19137,ATLANTIC EXPRESS OF PA,9999999999.0,,,,,,,,,,,,,,,,,,,2,,11.0
2008005958,99.0,8,1234 MARKET ST14TH FL,,PHILADELPHIA,PA,19107,SEPTA,2155807460.0,,,,,,N,,,,,,N,,,,,,,1,99999999.0,11.0
2008007247,5.0,7,15 W LINWOOD AVE,,MAPLESHADE,NJ,08052,PMS WASTE HAULERS INC,9999999999.0,800000.0,,,,,N,,,,,,N,,,,,,,2,845180.0,5.0
2008039233,99.0,2,300 LIONVILLE STATION,ROAD,CHESTER SPRINGS,PA,19425,PENN TANK LINES INC,8002228700.0,800000.0,3.0,,,,Y,1.0,,,,,N,,,,,,,2,264473.0,5.0
2007028455,99.0,8,1234 MARKET ST 14TH FL,,PHILADELPHIA,PA,19107,SEPTA,9999999999.0,,,,,,N,,,,,,,,,,,,,1,99999999.0,11.0
2007054813,99.0,1,8500 REMINGTON AVE,,PENNSAUKEN,NJ,08110,SAVONA FOODS INC,9999999999.0,999999.0,,,,,N,,,,,,U,,,,,,,1,99999999.0,5.0
2007055381,5.0,1,1-71 NORTH AVE BO X 603,,ELIZABETH,NJ,07201,NEW ENGLAND MOTOR FREIGHT,9089650100.0,60000.0,,,,,,,,,,,N,,,,,,,1,31120.0,8.0
2007066541,99.0,1,600 CORPORATE PARK DR,,ST LOUIS,MO,63105,ENTERPRISE ENTERTAINMENT,9999999999.0,,,,,,N,,,,,,,,,,,,,3,99999999.0,99.0
2007080831,99.0,1,6101 RISING SUN AVE,,PHILADELPHIA,PA,19111,KOREAN SENIOR CITIZEN ASSOCIATIO,9999999999.0,,,,,,N,,,,,999999999.0,N,,,,,,,2,99999999.0,98.0
2007098507,99.0,1,4100 SOUTH COUNCIL,,OKLAHOMA CITY,OK,73179,JB HUNT TRANSPORT INC,9999999999.0,,,,,,N,,,,,,,,,,,,,1,99999999.0,99.0
2007099116,99.0,8,UNKNOWN,,PHILADELPHIA,PA,99999,SEPTA,9999999999.0,,,,,,N,,,,,,,,,,,,,1,99999999.0,11.0
2007106864,99.0,1,422 N. 39TH ST,,PHILADELPHIA,PA,19104,DAVIS TRANSPORT,9999999999.0,,,,,,N,,,,,,,,,,,,,2,99999999.0,5.0
2007120198,5.0,4,PO BOX 275,,THOROFARE,NJ,08086,SWEENY TRUCKING SERVICES INC,8568458540.0,800000.0,,,,,N,,,,,,N,,,,,,,1,1481102.0,8.0
2008005969,99.0,8,1234 MARKET ST 14TH FL,,PHILADELPHIA,PA,19107,SEPTA,2155807145.0,,,,,,N,,,,,,N,,,,,,,2,99999999.0,10.0
2008017285,99.0,1,7703 W.59TH ST,,SUMITT,IL,60501,DANA TRANSPORT,9999999999.0,,,,,,N,,,,,,,,,,,,,1,99999999.0,6.0
2007046051,99.0,9,UNKNOWN ADDRESS,,UNKNOWN,ZF,99999,UNKNOWN CARRIER,9999999999.0,999999.0,,,,,N,,,,,,U,,,,,,,1,99999999.0,99.0
2007057037,99.0,1,2551 ALLAN DR,,ELK GROVE VILLAGE,IL,60007,TD LOGIST ICS INC,9999999999.0,,,,,,N,,,,,,,,,,,,,2,99999999.0,99.0
2007066494,99.0,1,1116 N 63RD ST,,PHILADELPHIA,PA,19151,HAKIM DUNBAR,9999999999.0,1300.0,,,,,N,,,,,,,,,,,,,1,99999999.0,5.0
2007097339,99.0,1,2626 OLD POST RD,,COPLAY,PA,18037,NUSS INC,9999999999.0,73280.0,,,,,N,,,,,,,,,,,,,2,99999999.0,5.0
2007115685,2.0,9,3000,MARKET ST,PHILA,PA,19104,US POSTAL SERVICE,2677674380.0,14140.0,,,,,N,,,,,,N,,,,,,,1,3510079.0,3.0
2007116352,99.0,7,3730 SANDHURST DR,PO BOX 1401,YORK,PA,17406,YORK WASTE DISPOSAL,7178451557.0,732800.0,,,,,N,,,,,,N,,,,,,,1,348394.0,9.0
2007120630,99.0,2,200 HANSEN,ACCESS ROAD,KING OF PRUSSIA,PA,19406,WISSAPHICHEW MTN SPNG WATER,2158243300.0,,,,,,N,,,,,,U,,,,,,,1,99999999.0,3.0
2008005007,2.0,8,1234 MARKET ST 14TH FL,,PHILADELPHIA,PA,19107,SOUTHEASTERN PA TRANSPORT,2155805301.0,394500.0,,,,,N,,,,,,N,,,,,,,2,99999999.0,11.0
2008029130,99.0,7,3000 E HADLEY ST,,PHILADELPHIA,PA,19137,BFI WASTE SERVICES OF PA,9999999999.0,73280.0,,,,,N,,,,,,,,,,,,,1,99999999.0,5.0
2007046815,99.0,8,1234 MARKET ST 14TH FLR,,PHILA,PA,19107,SEPTA,2155807800.0,999999.0,,,,,N,,,,,,N,,,,,,,1,99999999.0,11.0
2007047806,99.0,1,45 E PARK DR,,WESTHAMPTON,NJ,08060,NCT EXCHANGE,9999999999.0,999999.0,,,,,N,,,,,,,,,,,,,1,99999999.0,8.0
2007056774,99.0,8,1234 MARKET ST 14TH FLR,,PHILADELPHIA,PA,19107,SEPTA,9999999999.0,999999.0,,,,,N,,,,,,,,,,,,,2,99999999.0,11.0
2007082893,99.0,8,1234 MARKET ST 14TH FL,,PHILADELPHIA,PA,19107,SEPTA,9999999999.0,,,,,,N,,,,,,,,,,,,,1,99999999.0,11.0
2007098706,99.0,8,1234 MARKET ST 14TH FL,,PHILADELPHIA,PA,19107,SEPTA,9999999999.0,,,,,,N,,,,,,,,,,,,,1,99999999.0,11.0
2007106507,99.0,8,1234 MARKET ST 14TH FL,,PHILASDELPHIA,PA,19107,SEPTA,9999999999.0,,,,,,N,,,,,,,,,,,,,1,99999999.0,11.0
2007107010,99.0,9,1050 SWEDESBORO,,BERWYN,PA,19312,PECO,9999999999.0,,,,,,N,,,,,,,,,,,,,2,99999999.0,98.0
2007107917,99.0,8,4730 MARKET ST,,PHILADELPHIA,PA,19139,SAFE CARE AMBULANCE,9999999999.0,,,,,,N,,,,,,,,,,,,,1,99999999.0,10.0
2007125018,99.0,8,3001 E ORTHODOX,,PHILADELPHIA,PA,19137,YELLOW BIRD,9999999999.0,,,,,,N,,,,,,,,,,,,,2,99999999.0,11.0
2008002536,99.0,9,3188 MAYFLOWER RD,P.O. BOX 757,PLYMOUTH MEETING,PA,19462,EDWARD NITKA,9999999999.0,33000.0,,,,,N,,,,,,,,,,,,,1,99999999.0,98.0
2008017338,99.0,7,5711 WHEELER ST,,PHILADELPHIA,PA,19143,CITY OF PHILADELPHIA,9999999999.0,,,,,,N,,,,,,,,,,,,,1,99999999.0,5.0
2007046811,99.0,9,9503 E 33RD STREET,,INDIANAPOLIS,IN,46235,CELADON TRUCKING SERVICES,8007583252.0,,,,,,N,,,,,,N,,,,,,,1,261902.0,8.0
2007067326,99.0,1,3343 COLISEUM BLVD,,FORT WAYNE,IL,46808,UPS FREIGHT,9999999999.0,,,,,,N,,,,,,,,,,,,,2,99999999.0,8.0
2007069504,5.0,1,1116 TOW PATH RD,PO BOX 4,PORT BYRON,NY,13140,MARTEN FARMS,3157768821.0,80000.0,,,,,N,,,,,373006.0,N,,,,,,,2,843201.0,8.0
2007080172,99.0,8,6821 NORWITCH DRIVE,,PHILADELPHIA,PA,19153,ALL CITY TRANSPORTATION,9999999999.0,999999.0,,,,,N,,,,,,U,,,,,,,1,99999999.0,11.0
2007096742,99.0,8,1234 MARKET ST 14TH FL,,PHILADELPHIA,PA,19107,SEPTA,9999999999.0,,,,,,N,,,,,,,,,,,,,1,99999999.0,11.0
2007097970,99.0,8,200 W. WYOMING AVE,,PHILADELPHIA,PA,19140,SEPTA,9999999999.0,,,,,,N,,,,,,,,,,,,,1,99999999.0,11.0
2007098828,99.0,8,1234 MARKET ST 14TH FL,,PHILADEPHIA,PA,19107,SEPTA,9999999999.0,,,,,,N,,,,,,,,,,,,,2,99999999.0,11.0
2007099477,99.0,8,1234 MARKET ST 14TH FL,,PHILADELPHIA,PA,19107,SEPTA,9999999999.0,,,,,,N,,,,,,,,,,,,,3,99999999.0,11.0
2007123812,99.0,1,122 E KINGS HWY,,MAPLE SHADE,NJ,08052,INTERMODAL CONTAIN,9999999999.0,,,,,,N,,,,,,,,,,,,,2,99999999.0,6.0
2008020410,4.0,4,801 RT 100,,BECHTELSVILLE,PA,19505,R B CHRISTEL INC,6103678300.0,73280.0,,,,,N,,,,,,N,,,,,,,1,521953.0,4.0
2007025626,5.0,1,133 E ATLANTIC AVE,,LAWNSIDE,NJ,08045,NATIONAL FREIGHT,8004441272.0,80000.0,,,,,N,,,,,,N,,,,,,,1,85840.0,8.0
2007026262,5.0,6,1207 WOODBINE AVE,,BENSALEM,PA,19020,MATCAR AUTO TRANSPORT LLC,2158528150.0,65000.0,,,,,N,,,,,519590.0,N,,,,,,,1,1352833.0,8.0
2007047503,99.0,9,4TH FL1600 ARCH ST,,PHILADELPHIA,PA,19103,CITY OF PHILADELPHIA,9999999999.0,,,,,,,,,,,,,,,,,,,1,99999999.0,99.0
2007058105,99.0,8,6821 NORWICH DR,,PHILADELPHIA,PA,19153,ALL CITY TRANSPORT,9999999999.0,,,,,,,,,,,,,,,,,,,1,99999999.0,11.0
2007066625,99.0,1,813 N OCTORARA TRL,,PARKESBURG,PA,19365,BRT TANKER GAS,9999999999.0,,,,,,N,,,,,,,,,,,,,2,99999999.0,8.0
2007067366,99.0,9,2002 E MONMOUTH ST,,PHILADELPHIA,PA,19134,JEAN EDELINE,9999999999.0,19200.0,,,,,N,,,,,,,,,,,,,1,99999999.0,99.0
2007068133,99.0,1,812 LIZARD CREEK RD,,ANDREAS,PA,18211,BRIAN MILLER TRUCKING INC,9999999999.0,73280.0,,,,,N,,,,,,,,,,,,,2,99999999.0,5.0
2007076500,5.0,1,3600 E LANDIS AVE,,VINELAND,NJ,08360,WAKEFIELD FOOD CORP,5707562279.0,660000.0,,,,,N,,,,,,N,,,,,,,2,24491.0,6.0
2007082226,99.0,8,3905 EL REY RD,,ORLANDO,FL,32808,MEARS MOTOR LIVERY CORP,9999999999.0,,,,,,N,,,,,,,,,,,,,1,99999999.0,10.0
2007096315,99.0,1,1401 HADDONFIELD,,BERLIN CHERRY HILL,NJ,99999,RYDER TRUCK RENTAL INC,9999999999.0,,,,,,N,,,,,,,,,,,,,1,99999999.0,5.0
2007096315,99.0,1,529 CEDAR LN,,UNKNOWN,NJ,99999,CREAM-O-LAND DAIRY,9999999999.0,,,,,,N,,,,,,,,,,,,,2,99999999.0,5.0
2007109457,99.0,8,1234 MARKET ST 14TH FL,,PHILADELPHIA,PA,19107,SEPTA,9999999999.0,,,,,,N,,,,,,,,,,,,,2,99999999.0,11.0
2007114044,2.0,7,100 S BROAD ST,,PHILADELPHIA,PA,19110,CITY OF PHILADELPHIA,9999999999.0,73280.0,,,,,N,,,,,,U,,,,,,,1,99999999.0,3.0
2008024427,99.0,9,315 CRESTVIEW AVE,,BLENTHEIM,NJ,99999,MARK TRANS INC,9999999999.0,,,,,,,,,,,,,,,,,,,2,99999999.0,8.0
2012030689,99.0,9,4701 S ROCKWELL ST,,OKLAHOMA CITY,OK,73179,COVENANT TRANSPORT,9999999999.0,999999.0,,,,,N,,,,,,N,,,,,,,1,,8.0
2007029726,99.0,2,UNKNOWN,,UNKNOWN,,999999999,UNKNOWN,9999999999.0,999999.0,,,,,N,,,,,999999999.0,U,,9999999999,,,,,1,99999999.0,5.0
2007045753,2.0,8,1234 MARKET ST,,PHILADELPHIA,PA,19107,SEPTA,9999999999.0,99999.0,,,,,N,,,,,,N,,,,,,,2,9.0,11.0
2007045767,99.0,9,820 OLDHAM ST,,BALTIMORE,MD,21224,BOBS TRANSPORT STORAGE,9999999999.0,99999.0,,,,,N,,,,,,N,,,,,,,1,9.0,8.0
2007080267,3.0,2,14507 FRONTIER RD,,OMAHA,NE,68138,WERNER ENTERPRISES INC,8002837821.0,46000.0,,,,,N,,,,,,N,,,,,,,1,53467.0,8.0
2007080426,99.0,8,1234 MRKET ST 14TH FL,,PHILADELPHIA,PA,19107,SEPTA,9999999999.0,,,,,,N,,,,,,,,,,,,,1,99999999.0,11.0
2007116661,99.0,8,3740 R=E THOMPSON ST,,PHILADELPHIA,PA,19171,ATLANTIC EXPRESS,9999999999.0,,,,,,N,,,,,,,,,,,,,3,99999999.0,11.0
2008002474,99.0,1,UNKNOWN,,UNKNOWN,ZZ,99999,UNKNOWN,9999999999.0,999999.0,9.0,9.0,9.0,9.0,N,1.0,1.0,1.0,1.0,,U,,,,,,,1,99999999.0,8.0
2007067337,99.0,8,UNKNOWN,,PHILADELPHIA,PA,99999,SEPTA,9999999999.0,,,,,,N,,,,,,,,,,,,,1,99999999.0,11.0
2007067374,99.0,9,99,,99,ZZ,99,DURHAM SCHOOL SERVICES,9999999999.0,99.0,,,,,N,,,,,99.0,U,,A-00999999,,,,,2,99.0,11.0
2007068520,3.0,8,1234 MARKET ST 14TH FL,FLOOR,PHILADELPHIA,PA,19107,SOUTHEASTERN PA TRANSPORTATION,2155606200.0,394500.0,,,,,N,,,,,,N,,,,,,,1,99999999.0,11.0
2007068520,2.0,8,4339 MORGANTOWN ROAD,,MOHNTON,PA,19540,ESHELMAN TRANSPORTATION,6108567740.0,30000.0,,,,,N,,,,,287160.0,N,,,,,,,2,593338.0,11.0
2007079937,99.0,1,777 DEDHAM ST,,CANTON,MA,02021,CUMBERLAN FARMS INC,9999999999.0,,,,,,N,,,,,,,,,,,,,1,99999999.0,6.0
2007080842,3.0,1,4100 S COUNCEL,,OKLAHOMA CITY,OK,73279,JB HUNT TRANSPORT,9086194416.0,80000.0,,,,,N,,,,,,N,,,,,,,1,80806.0,8.0
2007081423,99.0,8,1234 MARKET ST 14TH FL,,PHILADELPHIA,PA,19107,SEPTA,9999999999.0,,,,,,N,,,,,,N,,,,,,,1,99999999.0,11.0
2007082498,99.0,8,UNKNOWN,,PHILADELPHIA,PA,19107,SEPTA,9999999999.0,,,,,,N,,,,,,,,,,,,,2,99999999.0,11.0
2007096733,99.0,8,1234 MARKET ST 14TH FL,,PHILADELPHHIA,PA,19107,SEPTA,9999999999.0,,,,,,N,,,,,,,,,,,,,1,99999999.0,11.0
2007096740,99.0,9,1019 MAY FLOWER DR,,UNKNOWN,PA,99999,TOP GRADE EXCAVATING,9999999999.0,73280.0,,,,,N,,,,,,,,,,,,,1,99999999.0,99.0
2007097882,99.0,8,583 SOUTH ST,,NEW BRITAIN,CT,06051,DATTCO INC,9999999999.0,,,,,,N,,,,,,,,,,,,,1,99999999.0,11.0
2007097882,99.0,8,ONE PENN PLAZA,,NEWARK,NJ,07105,NEW JERSEY TRANSIT,9999999999.0,,,,,,N,,,,,,,,,,,,,2,99999999.0,11.0
2007097882,99.0,8,ONE PENN PLAZA,,NEWARK,NJ,07105,NEW JERSEY TRANSIT,9999999999.0,,,,,,N,,,,,,,,,,,,,3,99999999.0,11.0
2007098274,99.0,7,1600 ARCH ST 4TH FL,,PHILADELPHIA,PA,99999,CITY OF PHILADELPHIA,9999999999.0,,,,,,N,,,,,,,,,,,,,1,99999999.0,5.0
2007109213,5.0,9,2700 S KAUFMAN,,ENNIS,TX,75119,TRANS-PORTE FOOD SERVICE INC,9999999999.0,80000.0,,,,,N,,,,,,U,,A-00001149,,,,,1,745614.0,8.0
2007127620,99.0,9,7777 ESSINGTON AVE,,PHILADELPHIA,PA,99999,BENTLEY TRUCK SERVICE INC,9999999999.0,25950.0,,,,,N,,,,,,,,,,,,,2,99999999.0,99.0
2008008730,5.0,1,1720 RIVER RD,,CAMDEN,NJ,08101,J & F TRUCKING,8567570388.0,,,,,,N,,,,,,,,,,,,,1,99999999.0,8.0
2008024222,5.0,1,85 CORPORATE WOODS DR,,BRIDGTON,MO,63044,HOGAN TRANSPORT INC,8002844320.0,800000.0,,,,,N,,,,,,N,,,,,,,1,86787.0,8.0
2007028467,99.0,8,UNKNOWN,,PHILADELPHIA,PA,99999,SEPTA,9999999999.0,,,,,,N,,,,,,,,,,,,,1,99999999.0,11.0
2007047372,99.0,9,5250 OLD MAUMEE RD,,FT WAYNE,IN,99999,PENSKE TURCK LEASING,9999999999.0,999999.0,,,,,N,,,,,,N,,,,,,,2,99999999.0,5.0
2007047900,2.0,8,1234 MARKET ST,,PHILADELPHIA,PA,19107,SEPTA,9999999999.0,99999.0,,,,,N,,,,,,N,,,,,,,1,9.0,11.0
2007067134,99.0,8,1234 MARKET ST 14TH FL,,PHILADELPHIA,PA,19107,SEPTA,9999999999.0,,,,,,N,,,,,,,,,,,,,1,99999999.0,11.0
2007067353,99.0,9,50 DELANCY ST,,NEW YORK,NY,10002,AOT TRUCKING,9999999999.0,999999.0,,,,,,,,,,,N,,,,,,,1,99999999.0,99.0
2007108529,99.0,8,1234 MARKET ST 14TH FL,,PHILADELPHIA,PA,19107,SEPTA,9999999999.0,,,,,,N,,,,,,,,,,,,,1,99999999.0,11.0
2007116223,99.0,1,1011 CRESTDALE,,JACKSONVILLE,FL,32211,DANIEL CABAR,9999999999.0,,,,,,N,,,,,,,,,,,,,1,99999999.0,6.0
2007120707,99.0,8,734 SCHUYLKILL AVE,,PHILADELPHIA,PA,19146,SCHOOL DISTRICT OF PHILADELPHIA,9999999999.0,999999.0,,,,,N,,,,,,N,,,,,,,1,99999999.0,11.0
2008034406,99.0,9,UNKNOWN,,UNKNOWN,ZZ,99999,UNKNOWN,9999999999.0,,,,,,,,,,,,,,,,,,,2,,99.0
2007066470,99.0,8,800 W OLNEY AVE,,PHILADELPHIA,PA,99999,TRANSIT AIDE,9999999999.0,,,,,,N,,,,,,,,,,,,,1,99999999.0,11.0
2007081002,99.0,9,100 S BROAD ST,,PHILADELPHIA,PA,19102,CITY OF PHILADELPHIA,9999999999.0,80000.0,,,,,,,,,,,,,,,,,,2,99999999.0,8.0
2007091941,99.0,8,1234 MARKET ST 14TH FL,,PHILADELPHIA,PA,19107,SEPTA,9999999999.0,,,,,,N,,,,,,,,,,,,,1,99999999.0,11.0
2008004904,99.0,8,6941 LIMEKILN PIKE,,PHILADELPHIA,PA,99999,DURHAM SCHOOL SERVICES BUS 108,2155357300.0,,,,,,N,,,,,,U,,,,,,,1,99999999.0,11.0
2008017286,99.0,9,5 REESE RD,,MILLVILLE,NJ,99999,SORANTINO ENT INC,9999999999.0,,,,,,N,,,,,,,,,,,,,1,99999999.0,99.0
2008017377,2.0,8,1234 MARKET ST,,PHILADELPHIA,PA,99999,SEPTA,9999999999.0,999999.0,,,,,N,,,,,,N,,,,,,,3,,11.0
2007028476,2.0,8,734 SCHUYLKILL AVE,,PHILADELPHIA,PA,99999,CITY OF PHILADELPHIA,999999999.0,999999.0,,,,,N,,,,,,N,,,,,,,1,,11.0
2007028838,99.0,8,2500 WHEATSHEAF LN,,PHILADELPHIA,PA,19137,DURHAM SCHOOL SERVICES INC,2155357300.0,,,,,,N,,,,,,U,,,,,,,2,99999999.0,10.0
2007047640,2.0,7,321 E LINDEN ST,,CLAYTON,NJ,08312,WILLIAM WETZEL,8568813781.0,,,,,,N,,,,,,U,,,,,,,2,,3.0
2007062631,2.0,3,231 N WYCOMBE AVE,,LANSDOWNE,PA,19050,ROCKPORT CONSTRUCTION INCORP,6106232300.0,26000.0,,,,,N,,,,,,N,,,,,,,1,99999999.0,3.0
2007067632,99.0,1,1409 PENN ST APT 3,P.O. BOX 657,UNKNOWN,TX,16424,STEPHEN MAYARD,9999999999.0,,,,,,N,,,,,,,,,,,,,3,99999999.0,6.0
2007096738,99.0,8,3740 E THOMPSON ST,,PHILADELPHIA,PA,19137,ATLANTIC EXPRESS OF PA INC,9999999999.0,,,,,,N,,,,,,,,,,,,,2,99999999.0,11.0
2007098134,99.0,8,1019 E. 9TH ST,,CHESTER,PA,19013,DELAWARE COUNTY TRANSP.,9999999999.0,,,,,,N,,,,,,,,,,,,,1,99999999.0,11.0
2007108527,99.0,8,8220 BARTRAM AVE,,PHILADELPHIA,PA,19153,FIRST TRANSIT INC,9999999999.0,,,,,,N,,,,,,,,,,,,,2,99999999.0,11.0
2007108527,99.0,1,RT 10 GREEN HILLS,,READING,PA,19603,PENSKE TRUCK LEASING,9999999999.0,33000.0,,,,,N,,,,,,,,,,,,,3,99999999.0,5.0
2007108535,99.0,8,UNKNOWN,,PHILADELPHIA,PA,19107,SEPTA,9999999999.0,,,,,,N,,,,,,,,,,,,,1,99999999.0,11.0
2007117219,99.0,8,1234 MARKET ST 14TH FL,,PHILADELPHIA,PA,19107,SEPTA,9999999999.0,,,,,,N,,,,,999999999.0,,,,,,,,1,99999999.0,11.0
2007123907,99.0,9,601 STATE RD,,PHILADELPHIA,PA,99999,FREEDOM,9999999999.0,,,,,,N,,,,,,,,,,,,,1,99999999.0,99.0
2007022323,99.0,1,PO BOX 8206 BOX 82,,ASCATAWAY,NJ,08855,JED TRUCKING,9999999999.0,,,,,,N,,,,,,,,,,,,,2,99999999.0,8.0
2007028470,99.0,8,1234 MARKET ST 14TH FL,,PHILADELPHIA,PA,19107,SEPTA,9999999999.0,,,,,,N,,,,,,,,,,,,,2,99999999.0,11.0
2007029680,99.0,8,1234 MARKET ST 14TH FL,,PHILADELPHIA,PA,19107,SEPTA,9999999999.0,,,,,,N,,,,,,,,,,,,,1,99999999.0,11.0
2007030076,99.0,9,100 S BROAD ST,,PHILADEPHIA,PA,19110,CITY OF PHILADELPHIA,7176851356.0,999999.0,,,,,N,,,,,999999999.0,U,,,,,,,1,99999999.0,5.0
2007058175,99.0,8,100 MATSONFORD RD,,RADNOR,PA,19087,ENTERPRISE LEASING,9999999999.0,999999.0,,,,,N,,,,,,,,,,,,,1,99999999.0,11.0
2007058175,99.0,8,4680 CONFERENCE WAY,,BOCA RATON,FL,33431,VANGUARD CAR RENTAL,9999999999.0,999999.0,,,,,N,,,,,,N,,,,,,,2,99999999.0,11.0
2007080399,99.0,8,5915 HARBISON AVNUE,,PHILADELPHIA,PA,19135,BEST LIMOUSINE CO INC T/A DAVES,9999999999.0,999999.0,,,,,N,,,,,,N,,,,,,,2,99999999.0,10.0
2007110864,99.0,8,1234 MARKET ST 14TH ST,,PHILADELPHIA,PA,19107,SEPTA,9999999999.0,,,,,,N,,,,,,,,,,,,,1,99999999.0,11.0
2008017296,99.0,0,816 N 58TH ST,,PHILADELPHIA,PA,19143,WILLIE ROBINSON,9999999999.0,,,,,,N,,,,,,,,,,,,,1,99999999.0,6.0
2008023690,99.0,7,UNKNOWN,,UNKNOWN,ZZ,99999,UNKNOWN,9999999999.0,,,,,,N,,,,,,,,,,,,,1,99999999.0,5.0
2008033151,99.0,8,1234 MARKET ST,,PHILADELPHIA,PA,19106,SEPTA,2155804000.0,999999.0,,,,,N,,,,,,N,,,,,,,1,,11.0
2007047509,1.0,8,3740 E THOMPSON STREET,,PHILADELPHIA,PA,99999,ATLANTIC EXPRESS,9999999999.0,999999.0,,,,,N,,,,,,N,,,,,,,2,99999999.0,11.0
2007067241,99.0,8,1234 MARKET ST 14TH FL,,PHILADELPHIA,PA,19107,SEPTA,9999999999.0,,,,,,N,,,,,,,,,,,,,1,99999999.0,11.0
2007067267,99.0,8,1234 MARKET ST 14TH FL,,PHILADELPHIA,PA,19107,SEPTA,9999999999.0,,,,,,N,,,,,,,,,,,,,1,99999999.0,11.0
2007067332,99.0,1,2900 BLACK LAKE PLACE,,PHILA,PA,19154,ELLIOTT LEWIS CORPORATION,2156984470.0,73280.0,,,,,N,,,,,,U,,,,,,,1,962779.0,8.0
2007098779,99.0,7,1 FRANKLIN SQUARE,,PHILADELPHIA,PA,19100,STREETS DEPT SANITATION DIVISION,2155372137.0,36220.0,,,,,N,,,,,,N,,,,,,,3,99999999.0,5.0
2007120923,2.0,8,1234 MARKET ST 14TH FL,,PHILADELPHIA,PA,19107,SEPTA,2155805308.0,,,,,,N,,,,,,N,,,,,,,1,99999999.0,11.0
2007126186,5.0,1,8001 INDUSTRIAL BLVD,,BREININGSVILLE,PA,18031,BRIDGESTONE FIRESTONE,8008013838.0,800000.0,,,,,N,,,,,,N,,,,,,,2,72510.0,8.0
2008029789,99.0,8,1234 MARKET ST 14TH FL,,PHILADELPHIA,PA,19107,SEPTA,9999999999.0,,,,,,N,,,,,,,,,,,,,2,99999999.0,11.0
2007022815,99.0,1,PENNELL HOUSE,BALTIMORE PIKE,WAWA,PA,19063,WAWA DAIRIES INC,9999999999.0,3300.0,,,,,N,,,,,,,,,,,,,1,99999999.0,5.0
2007028466,99.0,8,1234 MARKET ST 14TH FL,,PHILADELPHIA,PA,19107,SEPTA,2155801966.0,,,,,,N,,,,,,N,,,,,,,1,99999999.0,11.0
2007045708,99.0,9,951 PROGRESS RD,,CHAMBERSBURG,PA,17201,THE F A BARTLETT TREE EXPERT CO,9999999999.0,33000.0,,,,,N,,,,,,U,,,,,,,1,99999999.0,99.0
2007057976,99.0,9,8275 RTE 130,,PENNSAUKEN,NJ,08110,CANADA DRY CORP,9999999999.0,99999.0,,,,,N,,,,,,N,,,,,,,3,9.0,8.0
2007075255,99.0,1,P O BOX 554,7 CENTRE DR SUITE 4,JAMESBURG,NJ,08831,SYSTEM FREIGHT INC,6093958600.0,66000.0,,,,,N,,,,,,N,,,,,,,1,143155.0,8.0
2007080819,5.0,7,908 N LENOLA RD,,MORRESTOWN,NJ,08057,PMS WASTE HAULERS INC,9999999999.0,800000.0,,,,,N,,,,,,N,,,,,,,1,845180.0,8.0
2007106022,99.0,8,1234 MARKET ST 14TH FL,,SEPTA,PA,19107,SEPTA,9999999999.0,,,,,,N,,,,,,,,,,,,,1,99999999.0,11.0
2007106799,5.0,1,6009 FINANCIAL PLAZA,,SHREVEPORT,LA,71129,TANGO TRANSPORT LLC,8003680599.0,80000.0,,,,,N,,,,,244325.0,N,,,,,,,1,459762.0,8.0
2007109406,99.0,8,1234 MARKET ST 14TH FL,,PHILADELPHIA,PA,19107,SEPTA,9999999999.0,,,,,,N,,,,,,,,,,,,,1,99999999.0,11.0
2007124681,99.0,7,100 S BROAD ST 3RD FL,,PHILADELPHIA,PA,99999,CITY OF PHILA,9999999999.0,73280.0,,,,,N,,,,,,,,,,,,,2,99999999.0,5.0
2008007591,99.0,8,1234 MARKET ST 14TH FL,,PHILADELPHIA,PA,19107,SEPTA,9999999999.0,,,,,,N,,,,,,,,,,,,,2,99999999.0,11.0
2008017500,99.0,1,7221 RTE 130,,PENSAUKIN,NJ,99999,BELL SUPPLY,9999999999.0,,,,,,N,,,,,,,,,,,,,2,99999999.0,99.0
