CRN,MC_BAG_IND,MC_DVR_BOOTS_IND,MC_DVR_EDC_IND,MC_DVR_EYEPRT_IND,MC_DVR_HLMT_TYPE,MC_DVR_HLMTDOT_IND,MC_DVR_HLMTON_IND,MC_DVR_LNGPNTS_IND,MC_DVR_LNGSLV_IND,MC_ENGINE_SIZE,MC_PAS_BOOTS_IND,MC_PAS_EYEPRT_IND,MC_PAS_HLMT_TYPE,MC_PAS_HLMTDOT_IND,MC_PAS_HLMTON_IND,MC_PAS_LNGPNTS_IND,MC_PAS_LNGSLV_IND,MC_PASSNGR_IND,MC_TRAIL_IND,PC_HDLGHT_IND,PC_HLMT_IND,PC_PASSNGR_IND,PC_REAR_RFLTR_IND,UNIT_NUM
2007027728,,,,,,,,,,,,,,,,,,,,U,U,N,U,2
2007027804,,,,,,,,,,,,,,,,,,,,N,U,N,N,2
2007080206,,,,,,,,,,,,,,,,,,,,U,N,N,U,2
2007081545,U,U,U,U,9.0,U,U,U,U,99999.0,,,,,,,,N,U,,,,,1
2007082507,,,,,,,,,,,,,,,,,,,,N,N,N,N,1
2007091986,,,,,,,,,,,,,,,,,,,,U,N,N,U,2
2007092940,,,,,,,,,,,,,,,,,,,,U,U,N,U,2
2007093558,U,Y,U,Y,3.0,Y,Y,Y,U,1380.0,,,,,,,,N,U,,,,,2
2007098145,U,U,N,N,0.0,N,N,U,U,1000.0,,,,,,,,N,U,,,,,2
2007116672,,,,,,,,,,,,,,,,,,,,U,Y,N,U,2
2007117200,,,,,,,,,,,,,,,,,,,,U,N,N,U,1
2007120700,,,,,,,,,,,,,,,,,,,,U,N,N,U,2
2008007319,,,,,,,,,,,,,,,,,,,,U,N,N,U,1
2007066522,U,U,U,N,0.0,N,N,U,U,99999.0,,,,,,,,N,U,,,,,2
2007067093,,,,,,,,,,,,,,,,,,,,U,N,N,U,2
2007067330,,,,,,,,,,,,,,,,,,,,N,N,N,Y,1
2007082203,N,U,N,N,0.0,N,N,U,U,99999.0,,,,,,,,N,N,,,,,1
2007088982,Y,U,U,Y,3.0,U,Y,Y,N,99999.0,,,,,,,,N,N,,,,,1
2007092965,U,U,U,U,9.0,U,U,U,U,99999.0,,,,,,,,N,U,,,,,1
2007097896,,,,,,,,,,,,,,,,,,,,U,Y,N,U,1
2007102430,N,U,N,N,0.0,,,Y,N,99999.0,,,,,,,,N,N,,,,,1
2007119402,,,,,,,,,,,,,,,,,,,,N,Y,N,U,2
2007120878,U,U,U,Y,1.0,U,U,N,N,99999.0,,,,,,,,N,U,,,,,1
2011029161,U,U,U,U,9.0,U,U,U,U,99999.0,,,,,,,,N,U,,,,,2
2007046919,,,,,,,,,,,,,,,,,,,,U,U,N,U,2
2007067304,U,U,U,U,9.0,U,U,U,U,99999.0,,,,,,,,N,N,,,,,2
2007080420,,,,,,,,,,,,,,,,,,,,U,U,N,U,1
2007081293,U,U,U,Y,9.0,U,U,U,U,99999.0,,,,,,,,N,U,,,,,1
2007081495,,,,,,,,,,,,,,,,,,,,N,N,N,N,2
2007092284,U,U,U,U,9.0,U,U,U,U,99999.0,,,,,,,,N,U,,,,,2
2007093561,,,,,,,,,,,,,,,,,,,,U,N,N,U,2
2007098697,U,U,U,U,9.0,U,U,U,U,99999.0,,,,,,,,N,U,,,,,1
2007099613,,,,,,,,,,,,,,,,,,,,N,U,N,U,2
2007106816,,,,,,,,,,,,,,,,,,,,U,N,N,U,2
2007107030,U,U,U,U,9.0,U,U,U,U,99999.0,,,,,,,,N,U,,,,,1
2007107354,U,U,U,N,0.0,N,N,U,U,99999.0,,,,,,,,N,N,,,,,1
2007109076,U,U,U,U,9.0,U,U,U,U,99999.0,,,,,,,,N,U,,,,,2
2007109746,U,U,U,U,9.0,U,U,U,U,99999.0,,,,,,,,N,U,,,,,1
2007126416,,,,,,,,,,,,,,,,,,,,U,U,N,U,2
2008029175,,,,,,,,,,,,,,,,,,,,U,N,N,U,2
2007066403,U,U,U,N,0.0,N,N,U,U,99999.0,U,N,0.0,N,N,U,U,Y,N,,,,,1
2007079367,N,N,U,Y,1.0,U,Y,Y,N,650.0,,,,,,,,N,N,,,,,1
2007080922,U,U,U,U,9.0,U,U,U,U,99999.0,,,,,,,,N,U,,,,,1
2007080950,,,,,,,,,,,,,,,,,,,,N,N,N,N,1
2007091242,Y,N,U,N,2.0,U,Y,Y,Y,1300.0,,,,,,,,N,N,,,,,2
2007096733,,,,,,,,,,,,,,,,,,,,U,N,N,U,2
2007097792,U,U,U,N,0.0,N,N,U,U,99999.0,U,N,0.0,N,N,U,U,Y,U,,,,,2
2007098490,,,,,,,,,,,,,,,,,,,,U,N,N,U,2
2007106054,,,,,,,,,,,,,,,,,,,,U,U,N,U,2
2007108921,U,U,U,N,0.0,N,N,U,U,99999.0,,,,,,,,N,U,,,,,1
2007110478,U,U,U,N,0.0,N,N,U,U,99999.0,,,,,,,,N,U,,,,,2
2007112039,U,U,N,N,3.0,Y,Y,U,U,1350.0,,,,,,,,N,U,,,,,1
2007120634,,,,,,,,,,,,,,,,,,,,U,U,N,U,2
2007120919,,,,,,,,,,,,,,,,,,,,U,U,N,U,2
2007124092,,,,,,,,,,,,,,,,,,,,U,U,N,U,2
2007126558,,,,,,,,,,,,,,,,,,,,N,N,N,Y,2
2008016995,N,U,U,Y,9.0,U,U,Y,Y,125.0,,,,,,,,N,N,,,,,2
2007056567,,,,,,,,,,,,,,,,,,,,U,U,N,U,2
2007066237,,,,,,,,,,,,,,,,,,,,U,N,N,U,1
2007067448,N,N,N,N,0.0,,,U,U,100.0,,,,,,,,N,N,,,,,1
2007080119,,,,,,,,,,,,,,,,,,,,U,U,N,U,2
2007082496,U,U,U,U,9.0,U,U,U,U,99999.0,,,,,,,,N,U,,,,,3
2007096753,,,,,,,,,,,,,,,,,,,,U,U,N,U,2
2007097879,,,,,,,,,,,,,,,,,,,,U,U,N,U,2
2007097886,U,U,U,N,0.0,N,N,U,U,99999.0,,,,,,,,N,U,,,,,2
2007106061,,,,,,,,,,,,,,,,,,,,U,U,N,U,2
2007106077,,,,,,,,,,,,,,,,,,,,U,N,N,U,2
2007106149,,,,,,,,,,,,,,,,,,,,U,U,N,U,1
2007107352,U,U,U,N,9.0,U,U,U,U,99999.0,,,,,,,,N,N,,,,,1
2007120244,,,,,,,,,,,,,,,,,,,,U,U,N,U,2
2007120540,,,,,,,,,,,,,,,,,,,,U,U,U,U,2
2007120630,,,,,,,,,,,,,,,,,,,,U,Y,N,U,2
2007124096,,,,,,,,,,,,,,,,,,,,U,N,N,U,2
2008023952,,,,,,,,,,,,,,,,,,,,U,N,N,U,2
2007027830,,,,,,,,,,,,,,,,,,,,U,N,N,U,2
2007046825,,,,,,,,,,,,,,,,,,,,U,N,N,U,1
2007081872,,,,,,,,,,,,,,,,,,,,U,U,N,U,1
2007082500,Y,U,Y,U,1.0,Y,Y,U,U,800.0,N,Y,0.0,N,N,N,N,Y,N,,,,,1
2007105966,U,U,U,N,0.0,N,N,U,U,99999.0,,,,,,,,N,U,,,,,2
2007106976,U,U,U,U,9.0,U,U,U,U,99999.0,,,,,,,,U,U,,,,,1
2007107509,U,U,U,N,0.0,N,N,U,U,99999.0,,,,,,,,N,N,,,,,1
2007108529,,,,,,,,,,,,,,,,,,,,U,U,N,U,2
2007126124,U,U,U,N,0.0,N,N,U,U,99999.0,,,,,,,,N,U,,,,,2
2008018058,Y,Y,U,Y,9.0,U,U,Y,Y,1200.0,,,,,,,,N,U,,,,,2
2007067450,,,,,,,,,,,,,,,,,,,,U,U,N,U,2
2007080192,,,,,,,,,,,,,,,,,,,,U,U,N,U,2
2007080406,,,,,,,,,,,,,,,,,,,,U,N,N,U,1
2007081277,U,U,U,U,1.0,U,U,U,U,99999.0,,,,,,,,N,U,,,,,2
2007082199,,,,,,,,,,,,,,,,,,,,U,Y,N,U,2
2007092050,,,,,,,,,,,,,,,,,,,,U,N,N,U,1
2007092932,,,,,,,,,,,,,,,,,,,,U,N,N,U,2
2007095651,,,,,,,,,,,,,,,,,,,,U,N,N,U,1
2007099124,,,,,,,,,,,,,,,,,,,,U,N,N,U,1
2007106364,,,,,,,,,,,,,,,,,,,,U,N,N,U,1
2007107032,,,,,,,,,,,,,,,,,,,,U,U,N,U,2
2007107503,,,,,,,,,,,,,,,,,,,,U,N,N,U,1
2007110526,,,,,,,,,,,,,,,,,,,,N,N,N,U,1
2007124101,N,N,N,N,0.0,N,N,Y,Y,1800.0,N,Y,1.0,Y,Y,Y,Y,Y,N,,,,,1
2007126193,,,,,,,,,,,,,,,,,,,,U,N,Y,U,1
2008079092,,,,,,,,,,,,,,,,,,,,N,N,N,N,2
2007027536,,,,,,,,,,,,,,,,,,,,N,U,N,Y,2
2007057208,U,Y,U,N,1.0,N,N,Y,N,600.0,,,,,,,,N,U,,,,,1
2007067331,,,,,,,,,,,,,,,,,,,,N,N,N,Y,2
2007081422,,,,,,,,,,,,,,,,,,,,U,U,N,U,1
2007092948,,,,,,,,,,,,,,,,,,,,U,Y,N,U,2
2007092967,,,,,,,,,,,,,,,,,,,,U,U,N,U,2
2007097878,,,,,,,,,,,,,,,,,,,,U,N,N,U,2
2007106067,,,,,,,,,,,,,,,,,,,,U,U,N,U,2
2007106805,,,,,,,,,,,,,,,,,,,,U,U,N,U,2
2007110844,U,U,U,U,9.0,U,U,U,U,99999.0,,,,,,,,N,U,,,,,2
2007117295,,,,,,,,,,,,,,,,,,,,U,N,N,U,2
2007120901,U,Y,U,N,0.0,,,Y,N,80.0,,,,,,,,N,U,,,,,1
2007126187,,,,,,,,,,,,,,,,,,,,U,N,N,U,2
2008008062,,,,,,,,,,,,,,,,,,,,N,N,N,N,2
2007047770,N,U,U,U,9.0,U,U,U,U,99999.0,,,,,,,,N,U,,,,,1
2007054645,N,N,U,Y,1.0,U,Y,Y,Y,1000.0,,,,,,,,N,N,,,,,1
2007056659,N,U,U,U,1.0,U,U,N,U,99999.0,,,,,,,,N,N,,,,,1
2007066246,,,,,,,,,,,,,,,,,,,,U,N,N,U,2
2007066918,,,,,,,,,,,,,,,,,,,,U,U,N,U,1
2007067243,,,,,,,,,,,,,,,,,,,,U,N,N,U,1
2007081739,,,,,,,,,,,,,,,,,,,,U,Y,N,U,2
2007082577,U,U,Y,N,0.0,,,Y,N,99999.0,,,,,,,,N,U,,,,,1
2007092794,Y,Y,U,Y,2.0,U,Y,Y,U,99999.0,,,,,,,,N,U,,,,,1
2007092961,,,,,,,,,,,,,,,,,,,,U,N,N,U,2
2007093192,U,U,U,Y,9.0,U,U,U,U,99999.0,U,U,9.0,U,U,U,U,Y,U,,,,,2
2007093375,,,,,,,,,,,,,,,,,,,,U,N,N,U,1
2007097840,,,,,,,,,,,,,,,,,,,,U,U,N,U,2
2007098983,,,,,,,,,,,,,,,,,,,,U,Y,N,U,2
2007099067,U,U,U,N,0.0,N,N,U,U,99999.0,,,,,,,,N,U,,,,,2
2007106161,U,U,U,Y,9.0,U,U,U,U,99999.0,,,,,,,,N,U,,,,,2
2007106887,U,U,U,U,0.0,N,N,U,U,99999.0,,,,,,,,N,U,,,,,1
2007109992,U,U,U,N,0.0,N,N,U,U,99999.0,,,,,,,,N,U,,,,,1
2007120097,,,,,,,,,,,,,,,,,,,,U,N,N,U,2
2007120237,U,U,U,N,0.0,N,N,U,U,99999.0,,,,,,,,N,U,,,,,1
2008000673,,,,,,,,,,,,,,,,,,,,U,U,N,U,2
2008005973,,,,,,,,,,,,,,,,,,,,U,U,N,U,2
2008016355,U,U,U,U,9.0,U,U,U,U,99999.0,,,,,,,,N,U,,,,,2
2008018333,U,U,U,N,0.0,N,N,U,U,99999.0,,,,,,,,N,U,,,,,1
2008033026,U,U,U,U,9.0,U,U,U,U,1000.0,,,,,,,,N,U,,,,,2
2008034397,,,,,,,,,,,,,,,,,,,,N,N,N,N,1
2007022707,U,U,U,U,9.0,U,U,U,U,99999.0,,,,,,,,N,U,,,,,1
2007056840,U,U,U,U,9.0,U,U,U,U,99999.0,,,,,,,,N,N,,,,,1
2007057196,U,U,U,U,9.0,U,U,U,U,99999.0,,,,,,,,U,U,,,,,1
2007094393,,,,,,,,,,,,,,,,,,,,U,U,N,U,2
2007095287,,,,,,,,,,,,,,,,,,,,U,N,N,U,2
2007097474,U,U,U,U,0.0,,,U,U,99999.0,,,,,,,,N,U,,,,,1
2007097904,,,,,,,,,,,,,,,,,,,,U,U,N,U,2
2007107037,,,,,,,,,,,,,,,,,,,,U,U,N,U,2
2007111892,,,,,,,,,,,,,,,,,,,,U,N,N,U,2
2007117302,,,,,,,,,,,,,,,,,,,,N,Y,Y,Y,2
2007022371,,,,,,,,,,,,,,,,,,,,U,U,N,U,2
2007057044,,,,,,,,,,,,,,,,,,,,U,N,N,U,2
2007067649,U,U,U,N,0.0,N,N,U,U,99999.0,,,,,,,,N,U,,,,,1
2007081588,,,,,,,,,,,,,,,,,,,,U,U,N,U,2
2007092766,U,U,U,Y,1.0,U,U,Y,U,99999.0,,,,,,,,N,U,,,,,1
2007092931,,,,,,,,,,,,,,,,,,,,U,N,N,U,2
2007097829,,,,,,,,,,,,,,,,,,,,U,Y,N,U,2
2007098769,,,,,,,,,,,,,,,,,,,,U,U,N,U,2
2007107084,,,,,,,,,,,,,,,,,,,,U,N,N,U,2
2007109457,,,,,,,,,,,,,,,,,,,,U,N,N,U,1
2007115114,U,N,U,N,0.0,,,N,N,99999.0,,,,,,,,N,N,,,,,1
2007127661,U,U,U,U,9.0,U,U,U,U,99999.0,,,,,,,,N,N,,,,,2
2008009194,N,N,U,Y,1.0,Y,N,Y,N,600.0,,,,,,,,N,N,,,,,1
2007066797,,,,,,,,,,,,,,,,,,,,U,N,N,U,2
2007080022,N,U,U,U,9.0,U,U,U,U,99999.0,,,,,,,,N,N,,,,,2
2007082483,,,,,,,,,,,,,,,,,,,,U,N,N,U,2
2007092054,,,,,,,,,,,,,,,,,,,,U,N,N,U,2
2007092917,,,,,,,,,,,,,,,,,,,,U,N,N,U,2
2007106953,,,,,,,,,,,,,,,,,,,,U,Y,Y,U,2
2007106973,,,,,,,,,,,,,,,,,,,,U,U,U,U,2
2007107533,U,U,U,N,0.0,N,N,U,U,9999.0,,,,,,,,N,N,,,,,1
2007109365,U,U,U,N,0.0,N,N,U,U,99999.0,,,,,,,,N,U,,,,,1
2007123803,U,U,U,Y,9.0,U,U,U,U,99999.0,,,,,,,,N,U,,,,,1
2007027659,,,,,,,,,,,,,,,,,,,,U,U,N,U,3
2007056553,,,,,,,,,,,,,,,,,,,,U,U,N,U,2
2007056615,N,N,N,U,9.0,U,U,U,U,99999.0,,,,,,,,N,N,,,,,3
2007066337,,,,,,,,,,,,,,,,,,,,U,U,N,U,1
2007067185,,,,,,,,,,,,,,,,,,,,N,N,N,Y,1
2007079921,U,U,U,N,0.0,N,N,U,U,99999.0,,,,,,,,N,U,,,,,1
2007081637,U,U,U,N,0.0,N,N,U,U,99999.0,,,,,,,,N,U,,,,,2
2007092752,N,U,U,U,0.0,,,U,U,650.0,,,,,,,,N,N,,,,,2
2007096722,,,,,,,,,,,,,,,,,,,,N,N,N,N,1
2007097478,U,U,U,N,0.0,,,N,U,99999.0,,,,,,,,N,U,,,,,1
2007098761,,,,,,,,,,,,,,,,,,,,U,Y,U,U,2
2007102302,,,,,,,,,,,,,,,,,,,,U,N,N,U,2
2007106047,U,U,U,U,9.0,U,U,U,U,99999.0,,,,,,,,N,N,,,,,1
2007106374,,,,,,,,,,,,,,,,,,,,U,U,N,U,1
2007106575,,,,,,,,,,,,,,,,,,,,U,N,N,U,2
2007107134,,,,,,,,,,,,,,,,,,,,U,N,N,U,2
2007110504,,,,,,,,,,,,,,,,,,,,N,N,N,U,1
2007124137,,,,,,,,,,,,,,,,,,,,U,U,N,U,2
2007124663,,,,,,,,,,,,,,,,,,,,U,Y,N,U,2
2007028003,,,,,,,,,,,,,,,,,,,,U,N,N,U,2
2007066208,,,,,,,,,,,,,,,,,,,,U,N,N,U,2
2007099137,,,,,,,,,,,,,,,,,,,,U,N,N,U,1
2007099608,U,U,U,N,0.0,N,N,U,U,99999.0,,,,,,,,N,U,,,,,1
2007106016,U,U,U,N,9.0,U,U,U,U,99999.0,,,,,,,,N,U,,,,,1
2007106505,U,U,U,U,9.0,U,U,U,U,99999.0,,,,,,,,N,U,,,,,2
2007108808,,,,,,,,,,,,,,,,,,,,U,N,N,U,2
2007120224,,,,,,,,,,,,,,,,,,,,U,U,N,U,1
2007120655,,,,,,,,,,,,,,,,,,,,U,Y,N,U,2
2007123954,U,U,U,Y,9.0,U,U,U,U,99999.0,,,,,,,,N,U,,,,,1
2007023227,N,N,N,N,0.0,N,N,Y,Y,99999.0,,,,,,,,N,N,,,,,1
2007056460,U,U,U,U,9.0,U,U,U,U,99999.0,U,U,9.0,U,U,U,U,Y,U,,,,,1
2007067720,,,,,,,,,,,,,,,,,,,,U,U,N,U,1
2007080849,,,,,,,,,,,,,,,,,,,,U,N,N,U,2
2007084593,U,U,U,N,0.0,N,N,U,U,99999.0,U,N,0.0,N,N,U,U,Y,U,,,,,2
2007098485,U,U,U,Y,1.0,Y,Y,Y,Y,600.0,,,,,,,,N,U,,,,,1
2007109074,,,,,,,,,,,,,,,,,,,,U,N,N,U,1
2007110590,U,U,U,U,9.0,U,U,U,U,99999.0,,,,,,,,N,U,,,,,1
2007120704,,,,,,,,,,,,,,,,,,,,U,N,N,U,2
2007120853,,,,,,,,,,,,,,,,,,,,N,N,N,Y,2
2007124689,U,U,U,U,9.0,U,U,U,U,99999.0,,,,,,,,N,U,,,,,1
2008006253,,,,,,,,,,,,,,,,,,,,U,U,N,U,1
2008016973,,,,,,,,,,,,,,,,,,,,U,U,N,U,2
2007080828,,,,,,,,,,,,,,,,,,,,U,N,N,U,2
2007081137,N,U,N,U,9.0,U,U,N,U,99999.0,,,,,,,,N,N,,,,,1
2007081647,,,,,,,,,,,,,,,,,,,,U,N,N,U,1
2007082892,,,,,,,,,,,,,,,,,,,,U,N,N,U,2
2007093560,N,U,U,U,0.0,N,N,U,U,750.0,,,,,,,,N,N,,,,,1
2007099334,U,N,U,N,0.0,N,N,Y,N,750.0,,,,,,,,N,U,,,,,1
2007106784,N,Y,Y,Y,0.0,,,N,Y,99999.0,,,,,,,,N,N,,,,,1
2007022181,,,,,,,,,,,,,,,,,,,,U,N,N,U,2
2007046890,,,,,,,,,,,,,,,,,,,,U,N,N,U,2
2007057049,,,,,,,,,,,,,,,,,,,,N,N,N,Y,2
2007066832,U,U,U,U,9.0,U,U,U,U,99999.0,,,,,,,,U,U,,,,,2
2007079965,,,,,,,,,,,,,,,,,,,,U,N,N,U,1
2007082593,,,,,,,,,,,,,,,,,,,,U,N,N,U,2
2007092345,U,U,U,U,9.0,U,U,U,U,99999.0,,,,,,,,N,U,,,,,1
2007092768,U,U,U,U,9.0,U,U,U,U,99999.0,,,,,,,,N,U,,,,,1
2007093435,U,U,U,U,9.0,U,U,U,U,99999.0,,,,,,,,N,U,,,,,1
2007093541,,,,,,,,,,,,,,,,,,,,U,N,N,U,2
2007095041,,,,,,,,,,,,,,,,,,,,U,N,N,U,2
2007106568,,,,,,,,,,,,,,,,,,,,U,N,N,U,2
2007106884,,,,,,,,,,,,,,,,,,,,U,Y,N,U,1
2007107822,U,U,U,U,9.0,U,U,U,U,99999.0,,,,,,,,N,U,,,,,1
2007047842,,,,,,,,,,,,,,,,,,,,U,N,N,U,2
2007058048,U,U,U,N,0.0,N,N,U,U,99999.0,,,,,,,,N,N,,,,,1
2007065860,U,U,U,U,9.0,U,U,U,U,99999.0,,,,,,,,N,U,,,,,1
2007080860,,,,,,,,,,,,,,,,,,,,U,N,N,U,1
2007081021,U,U,U,N,0.0,N,N,U,U,99999.0,,,,,,,,N,U,,,,,1
2007081694,,,,,,,,,,,,,,,,,,,,U,N,N,U,2
2007098265,,,,,,,,,,,,,,,,,,,,U,N,N,U,2
2007099143,,,,,,,,,,,,,,,,,,,,N,N,N,U,2
2007099373,U,U,U,U,9.0,U,U,U,U,99999.0,,,,,,,,N,U,,,,,1
2007107511,U,U,U,U,9.0,U,U,U,U,99999.0,U,U,9.0,U,U,U,U,Y,U,,,,,1
2007107520,U,U,U,N,1.0,U,U,U,U,99999.0,,,,,,,,N,N,,,,,2
2007111897,,,,,,,,,,,,,,,,,,,,U,N,N,U,2
2008017003,,,,,,,,,,,,,,,,,,,,U,N,N,U,2
2008079092,,,,,,,,,,,,,,,,,,,,N,N,Y,N,3
2007027985,,,,,,,,,,,,,,,,,,,,N,N,N,N,2
2007047013,U,U,U,U,9.0,U,U,U,U,600.0,,,,,,,,N,N,,,,,2
2007056426,,,,,,,,,,,,,,,,,,,,U,U,N,U,1
2007067356,,,,,,,,,,,,,,,,,,,,N,N,N,N,1
2007081642,U,U,U,N,0.0,N,N,U,U,99999.0,,,,,,,,N,U,,,,,2
2007092978,U,U,U,N,0.0,N,N,U,U,99999.0,,,,,,,,N,U,,,,,1
2007093190,U,U,U,U,9.0,U,U,U,U,99999.0,,,,,,,,N,U,,,,,1
2007095350,N,Y,U,Y,1.0,Y,Y,Y,Y,1100.0,,,,,,,,N,N,,,,,1
2007096685,U,U,U,U,9.0,U,U,U,U,99999.0,,,,,,,,N,U,,,,,1
2007098974,,,,,,,,,,,,,,,,,,,,U,Y,N,U,1
2007106466,,,,,,,,,,,,,,,,,,,,U,U,Y,U,1
2007116671,,,,,,,,,,,,,,,,,,,,U,N,N,U,2
2007120257,,,,,,,,,,,,,,,,,,,,U,N,N,U,2
2007120293,,,,,,,,,,,,,,,,,,,,U,N,N,U,2
2007120702,,,,,,,,,,,,,,,,,,,,U,N,N,U,1
2007128180,N,Y,U,N,2.0,U,Y,Y,Y,99999.0,,,,,,,,N,N,,,,,1
2008020233,U,N,U,N,0.0,N,N,N,N,99999.0,,,,,,,,N,U,,,,,1
2007056357,N,U,N,N,0.0,N,N,U,U,99999.0,,,,,,,,N,N,,,,,2
2007057335,U,U,U,Y,9.0,U,U,U,U,99999.0,,,,,,,,N,N,,,,,1
2007066375,U,U,U,U,9.0,U,U,U,U,99999.0,,,,,,,,N,U,,,,,1
2007067234,U,U,U,U,9.0,U,U,U,U,99999.0,,,,,,,,N,U,,,,,1
2007067352,,,,,,,,,,,,,,,,,,,,U,U,N,U,2
2007098289,U,U,U,U,9.0,U,U,U,U,99999.0,U,N,0.0,N,N,U,U,Y,U,,,,,1
2007107564,U,U,U,N,0.0,N,N,U,U,99999.0,,,,,,,,N,U,,,,,1
2007108806,,,,,,,,,,,,,,,,,,,,U,N,N,U,1
2007116268,,,,,,,,,,,,,,,,,,,,U,N,N,U,1
2007116658,,,,,,,,,,,,,,,,,,,,U,Y,N,U,2
2007120413,N,N,N,N,1.0,Y,N,Y,Y,599.0,,,,,,,,N,N,,,,,1
2008024059,,,,,,,,,,,,,,,,,,,,U,U,N,U,2
2007066455,U,U,U,U,0.0,N,N,U,U,99999.0,,,,,,,,N,N,,,,,2
2007080200,,,,,,,,,,,,,,,,,,,,U,U,N,U,2
2007093161,N,U,U,U,1.0,U,N,Y,U,99999.0,,,,,,,,N,N,,,,,1
2007093174,,,,,,,,,,,,,,,,,,,,U,N,N,U,2
2007093596,U,U,U,U,9.0,U,U,U,U,99999.0,,,,,,,,N,U,,,,,1
2007094419,U,U,N,U,9.0,U,U,U,U,99999.0,U,U,9.0,U,U,U,U,Y,U,,,,,1
2007097845,U,U,U,U,9.0,U,U,U,U,99999.0,,,,,,,,N,U,,,,,2
2007099498,,,,,,,,,,,,,,,,,,,,N,N,N,N,2
2007103523,N,Y,N,Y,0.0,,,N,N,900.0,N,N,0.0,N,N,Y,N,Y,N,,,,,1
2007106064,U,U,U,U,9.0,U,U,U,U,99999.0,,,,,,,,N,N,,,,,1
2007106773,U,U,U,N,0.0,N,N,U,U,99999.0,,,,,,,,N,U,,,,,1
2007120208,,,,,,,,,,,,,,,,,,,,U,N,N,U,2
2007120255,,,,,,,,,,,,,,,,,,,,U,N,N,U,2
2008000438,,,,,,,,,,,,,,,,,,,,U,U,N,Y,2
2007047718,,,,,,,,,,,,,,,,,,,,U,U,N,U,1
2007056735,,,,,,,,,,,,,,,,,,,,U,U,N,U,2
2007057222,U,U,U,N,0.0,N,N,U,U,99999.0,U,U,9.0,U,U,U,U,Y,U,,,,,2
2007066490,,,,,,,,,,,,,,,,,,,,U,N,N,U,2
2007080040,U,U,U,U,9.0,U,U,U,U,99999.0,,,,,,,,N,U,,,,,1
2007080818,N,N,N,N,0.0,N,N,Y,N,650.0,,,,,,,,N,N,,,,,1
2007081296,N,U,N,U,1.0,U,Y,Y,Y,99999.0,,,,,,,,N,N,,,,,1
2007099635,,,,,,,,,,,,,,,,,,,,U,N,N,U,2
2007100020,U,U,U,U,9.0,U,U,U,U,99999.0,,,,,,,,N,U,,,,,1
2007106806,U,U,U,U,1.0,U,Y,U,U,99999.0,,,,,,,,N,U,,,,,1
2007107036,,,,,,,,,,,,,,,,,,,,U,U,N,U,2
2007125121,,,,,,,,,,,,,,,,,,,,U,U,N,U,1
2008006466,Y,N,U,U,0.0,N,N,Y,Y,99999.0,,,,,,,,N,N,,,,,1
2008016818,,,,,,,,,,,,,,,,,,,,U,U,N,U,2
2008023696,,,,,,,,,,,,,,,,,,,,N,N,N,U,2
2007022816,U,U,U,Y,1.0,U,U,U,U,99999.0,,,,,,,,N,U,,,,,3
2007027531,,,,,,,,,,,,,,,,,,,,U,N,N,U,2
2007081585,,,,,,,,,,,,,,,,,,,,U,U,N,U,2
2007093457,U,U,U,U,9.0,U,U,U,U,99999.0,,,,,,,,N,U,,,,,1
2007093580,U,U,N,U,9.0,U,U,U,U,50.0,,,,,,,,N,N,,,,,1
2007097950,,,,,,,,,,,,,,,,,,,,U,N,N,U,1
2007098500,U,U,U,U,9.0,U,U,U,U,1000.0,,,,,,,,N,U,,,,,1
2007099142,,,,,,,,,,,,,,,,,,,,U,U,N,U,1
2007107507,,,,,,,,,,,,,,,,,,,,U,N,N,U,1
2007107540,,,,,,,,,,,,,,,,,,,,U,N,N,U,2
2007107782,,,,,,,,,,,,,,,,,,,,U,U,N,U,1
2007112020,U,U,U,N,0.0,N,N,U,U,99999.0,,,,,,,,N,U,,,,,2
2007116113,U,U,U,N,0.0,N,N,U,U,99999.0,,,,,,,,N,U,,,,,1
2007126445,,,,,,,,,,,,,,,,,,,,N,N,N,U,2
2008000026,,,,,,,,,,,,,,,,,,,,U,N,N,U,2
2008004125,U,U,U,Y,1.0,U,U,U,U,99999.0,,,,,,,,N,N,,,,,2
2007056893,U,U,U,N,0.0,N,N,U,U,99999.0,,,,,,,,N,U,,,,,2
2007067124,,,,,,,,,,,,,,,,,,,,U,N,N,U,1
2007067599,,,,,,,,,,,,,,,,,,,,U,N,N,U,2
2007081657,U,U,U,Y,0.0,N,N,U,U,99999.0,,,,,,,,N,N,,,,,2
2007082496,U,U,U,U,9.0,U,U,U,U,99999.0,,,,,,,,N,U,,,,,2
2007093418,,,,,,,,,,,,,,,,,,,,U,N,N,U,1
2007096313,,,,,,,,,,,,,,,,,,,,U,N,N,U,2
2007107022,U,U,U,U,9.0,U,U,U,U,99999.0,,,,,,,,U,U,,,,,2
2007107943,U,U,U,U,9.0,U,U,U,U,99999.0,,,,,,,,U,U,,,,,2
2007108525,,,,,,,,,,,,,,,,,,,,U,N,N,U,2
2007109746,U,U,U,N,0.0,N,N,U,U,99999.0,,,,,,,,N,U,,,,,2
2007123815,,,,,,,,,,,,,,,,,,,,U,N,N,U,2
2012030709,U,U,Y,U,9.0,U,U,U,U,99999.0,,,,,,,,N,U,,,,,1
2007056671,,,,,,,,,,,,,,,,,,,,N,N,N,N,1
2007066339,,,,,,,,,,,,,,,,,,,,U,U,N,U,2
2007082575,U,U,U,U,0.0,,,Y,U,99999.0,,,,,,,,N,U,,,,,1
2007091887,U,U,U,N,0.0,N,N,U,U,99999.0,,,,,,,,N,U,,,,,2
2007092274,U,U,U,N,0.0,N,N,U,U,99999.0,,,,,,,,N,U,,,,,2
2007093181,,,,,,,,,,,,,,,,,,,,N,N,N,N,2
2007093234,,,,,,,,,,,,,,,,,,,,U,U,N,U,2
2007095795,,,,,,,,,,,,,,,,,,,,U,U,N,U,2
2007097895,,,,,,,,,,,,,,,,,,,,U,N,N,U,2
2007098726,U,U,U,N,0.0,N,N,U,U,99999.0,,,,,,,,N,N,,,,,1
2007106510,,,,,,,,,,,,,,,,,,,,U,N,N,U,2
2007106863,N,Y,U,Y,1.0,Y,Y,Y,Y,99999.0,,,,,,,,N,N,,,,,1
2007107470,,,,,,,,,,,,,,,,,,,,U,N,N,U,1
2007109446,U,U,U,N,0.0,N,N,U,U,99999.0,,,,,,,,N,U,,,,,2
2007120207,,,,,,,,,,,,,,,,,,,,U,N,N,U,1
2007120644,,,,,,,,,,,,,,,,,,,,U,U,N,U,2
2007124154,,,,,,,,,,,,,,,,,,,,U,Y,N,U,1
2007022164,,,,,,,,,,,,,,,,,,,,U,N,N,U,2
2007047841,U,U,U,N,0.0,N,N,U,U,99999.0,,,,,,,,N,U,,,,,1
2007056508,,,,,,,,,,,,,,,,,,,,N,U,N,U,2
2007067257,,,,,,,,,,,,,,,,,,,,U,U,N,U,2
2007067335,,,,,,,,,,,,,,,,,,,,U,U,N,U,2
2007082408,N,U,N,N,0.0,N,N,U,U,99999.0,,,,,,,,N,N,,,,,1
2007091897,U,U,N,N,0.0,N,N,U,U,99999.0,U,N,0.0,N,N,U,U,Y,U,U,N,N,U,2
2007094961,,,,,,,,,,,,,,,,,,,,N,N,N,Y,2
2007096755,,,,,,,,,,,,,,,,,,,,U,N,N,U,1
2007107517,U,U,U,U,9.0,U,U,U,U,99999.0,,,,,,,,N,U,,,,,1
2007111908,,,,,,,,,,,,,,,,,,,,U,U,N,U,1
2007120204,,,,,,,,,,,,,,,,,,,,U,N,N,U,2
2007120640,,,,,,,,,,,,,,,,,,,,U,U,N,U,2
2007056378,,,,,,,,,,,,,,,,,,,,U,U,N,U,2
2007056394,U,U,U,N,9.0,U,U,U,U,99999.0,,,,,,,,N,U,,,,,2
2007056515,,,,,,,,,,,,,,,,,,,,N,N,N,N,2
2007056667,,,,,,,,,,,,,,,,,,,,U,N,N,U,2
2007066829,,,,,,,,,,,,,,,,,,,,U,N,N,U,2
2007067281,U,U,U,U,9.0,U,U,U,U,99999.0,,,,,,,,N,N,,,,,2
2007080163,U,U,U,U,9.0,U,U,U,U,99999.0,,,,,,,,N,U,,,,,1
2007094705,U,U,U,U,9.0,U,U,U,U,99999.0,,,,,,,,N,U,,,,,1
2007095113,,,,,,,,,,,,,,,,,,,,U,N,N,U,2
2007107834,U,U,U,U,9.0,U,U,U,U,99999.0,,,,,,,,N,U,,,,,2
2007108533,,,,,,,,,,,,,,,,,,,,U,N,N,U,2
2007123744,,,,,,,,,,,,,,,,,,,,U,N,N,U,2
2007127599,,,,,,,,,,,,,,,,,,,,U,U,N,U,2
2007030105,U,U,U,U,9.0,U,U,U,U,99999.0,,,,,,,,N,U,,,,,1
2007056718,,,,,,,,,,,,,,,,,,,,U,N,N,U,2
2007065640,,,,,,,,,,,,,,,,,,,,U,U,N,U,2
2007066440,U,U,U,N,0.0,N,N,U,U,99999.0,,,,,,,,N,N,,,,,1
2007081495,,,,,,,,,,,,,,,,,,,,N,N,N,N,3
2007082503,N,N,U,U,0.0,,,Y,Y,99999.0,,,,,,,,N,N,,,,,1
2007092603,U,U,U,N,0.0,N,N,U,U,99999.0,,,,,,,,N,N,,,,,2
2007093166,,,,,,,,,,,,,,,,,,,,U,N,N,U,2
2007097783,,,,,,,,,,,,,,,,,,,,U,N,N,U,2
2007099487,U,U,U,N,0.0,N,N,U,U,99999.0,U,N,0.0,N,N,U,U,Y,U,,,,,1
2007106345,,,,,,,,,,,,,,,,,,,,U,N,N,U,1
2007113824,U,U,U,U,9.0,U,U,U,U,99999.0,,,,,,,,N,U,,,,,2
2007117213,N,Y,N,Y,1.0,Y,Y,Y,Y,600.0,,,,,,,,N,N,,,,,1
2008006002,U,U,U,U,9.0,U,U,U,U,99999.0,,,,,,,,N,U,,,,,1
2007048946,U,Y,U,U,0.0,,,Y,N,99999.0,,,,,,,,N,U,,,,,1
2007056734,,,,,,,,,,,,,,,,,,,,U,N,N,U,2
2007057536,U,U,U,U,9.0,U,U,U,U,99999.0,,,,,,,,N,U,,,,,1
2007080863,N,U,N,Y,0.0,,,U,U,99999.0,,,,,,,,N,N,,,,,2
2007081682,,,,,,,,,,,,,,,,,,,,U,N,N,U,2
2007092004,,,,,,,,,,,,,,,,,,,,U,N,N,U,2
2007092317,U,U,U,N,0.0,N,N,U,U,99999.0,,,,,,,,N,U,,,,,2
2007092925,,,,,,,,,,,,,,,,,,,,U,U,N,U,2
2007095782,U,U,U,U,9.0,U,U,U,U,99999.0,,,,,,,,N,U,,,,,1
2007096754,,,,,,,,,,,,,,,,,,,,U,Y,N,U,2
2007106522,U,U,U,N,0.0,N,N,U,U,99999.0,,,,,,,,N,U,,,,,1
2007112037,U,U,U,N,0.0,N,N,U,U,99999.0,,,,,,,,N,U,,,,,2
2007116141,,,,,,,,,,,,,,,,,,,,N,N,N,U,2
2007127578,U,U,U,N,9.0,U,U,U,U,99999.0,,,,,,,,N,U,,,,,1
2008006261,,,,,,,,,,,,,,,,,,,,U,N,N,U,2
2008015743,N,N,U,N,1.0,Y,N,Y,Y,99999.0,,,,,,,,N,N,,,,,1
2007047722,,,,,,,,,,,,,,,,,,,,U,N,N,U,2
2007047879,,,,,,,,,,,,,,,,,,,,U,N,N,U,2
2007056977,U,Y,N,Y,3.0,U,Y,Y,Y,99999.0,,,,,,,,N,N,,,,,1
2007066841,,,,,,,,,,,,,,,,,,,,U,N,N,U,2
2007067118,,,,,,,,,,,,,,,,,,,,U,N,N,U,2
2007067339,U,U,U,N,0.0,N,N,U,U,99999.0,,,,,,,,N,U,,,,,1
2007067861,,,,,,,,,,,,,,,,,,,,N,N,N,N,2
2007080130,,,,,,,,,,,,,,,,,,,,U,N,N,U,1
2007080213,,,,,,,,,,,,,,,,,,,,U,U,U,U,1
2007081602,U,U,U,U,9.0,U,U,U,U,99999.0,,,,,,,,N,U,,,,,1
2007092613,,,,,,,,,,,,,,,,,,,,U,U,N,U,2
2007097967,U,U,U,N,0.0,N,N,U,U,650.0,,,,,,,,N,N,,,,,1
2007098270,U,U,U,U,9.0,U,U,U,U,99999.0,,,,,,,,N,U,,,,,1
2007098604,U,U,N,N,0.0,N,N,U,U,99999.0,,,,,,,,N,U,,,,,1
2007098693,,,,,,,,,,,,,,,,,,,,U,U,N,U,2
2007098742,N,N,N,U,1.0,U,N,Y,N,99999.0,,,,,,,,N,N,,,,,1
2007099076,,,,,,,,,,,,,,,,,,,,U,N,N,U,2
2007106576,,,,,,,,,,,,,,,,,,,,U,N,N,U,2
2007110084,U,U,U,U,9.0,U,U,U,U,99999.0,,,,,,,,N,U,,,,,1
2007120722,,,,,,,,,,,,,,,,,,,,U,U,N,U,1
2007127604,,,,,,,,,,,,,,,,,,,,N,N,N,Y,2
2008008070,,,,,,,,,,,,,,,,,,,,U,N,N,U,1
2007027554,,,,,,,,,,,,,,,,,,,,U,U,N,U,1
2007046047,,,,,,,,,,,,,,,,,,,,U,U,N,U,2
2007047758,,,,,,,,,,,,,,,,,,,,N,N,N,Y,2
2007065649,U,U,U,U,0.0,N,N,U,U,99999.0,,,,,,,,N,U,,,,,1
2007066431,U,U,U,N,0.0,N,N,U,U,99999.0,,,,,,,,N,N,,,,,1
2007080199,U,U,U,U,9.0,U,U,U,U,99999.0,,,,,,,,N,U,,,,,1
2007080253,,,,,,,,,,,,,,,,,,,,U,U,N,U,1
2007082519,U,U,U,U,9.0,U,U,U,U,99999.0,,,,,,,,N,U,,,,,3
2007092789,,,,,,,,,,,,,,,,,,,,N,N,N,N,2
2007095755,U,U,U,U,9.0,U,U,U,U,99999.0,,,,,,,,N,U,,,,,2
2007096745,,,,,,,,,,,,,,,,,,,,U,N,N,U,2
2007098137,,,,,,,,,,,,,,,,,,,,U,Y,N,U,2
2007098299,U,U,U,U,9.0,U,U,U,U,99999.0,,,,,,,,N,U,,,,,1
2007126561,U,U,U,U,9.0,U,U,U,U,99999.0,,,,,,,,N,U,,,,,2
2008033861,,,,,,,,,,,,,,,,,,,,U,U,N,U,1
2007056540,U,U,U,U,9.0,U,U,U,U,99999.0,,,,,,,,U,U,,,,,1
2007057210,,,,,,,,,,,,,,,,,,,,U,Y,N,U,2
2007057221,,,,,,,,,,,,,,,,,,,,U,N,N,U,2
2007067235,U,U,U,Y,9.0,U,U,U,U,1300.0,,,,,,,,N,N,,,,,2
2007080103,,,,,,,,,,,,,,,,,,,,N,Y,N,N,2
2007080864,U,U,U,Y,1.0,U,U,U,U,99999.0,,,,,,,,N,U,,,,,1
2007081023,,,,,,,,,,,,,,,,,,,,N,N,N,Y,2
2007082534,,,,,,,,,,,,,,,,,,,,U,N,N,U,2
2007084608,,,,,,,,,,,,,,,,,,,,N,N,N,Y,1
2007092034,,,,,,,,,,,,,,,,,,,,N,N,N,Y,2
2007093430,,,,,,,,,,,,,,,,,,,,U,Y,N,U,1
2007095071,,,,,,,,,,,,,,,,,,,,U,U,Y,U,2
2007097782,,,,,,,,,,,,,,,,,,,,U,N,N,U,2
2007098126,,,,,,,,,,,,,,,,,,,,U,N,N,U,2
2007099155,U,U,U,N,0.0,N,N,U,U,99999.0,,,,,,,,N,U,,,,,2
2007099493,,,,,,,,,,,,,,,,,,,,U,U,N,U,2
2007107488,U,U,U,U,9.0,U,U,U,U,99999.0,,,,,,,,N,U,,,,,1
2007117307,U,U,U,U,9.0,U,U,U,U,99999.0,,,,,,,,N,U,,,,,1
2007120532,U,U,U,N,0.0,N,N,U,U,99999.0,,,,,,,,N,U,,,,,2
2008017010,,,,,,,,,,,,,,,,,,,,N,N,N,Y,1
2008018069,U,U,U,N,0.0,N,N,U,U,99999.0,,,,,,,,N,U,,,,,2
2007084624,U,U,U,N,0.0,N,N,U,U,99999.0,U,N,9.0,U,U,U,U,Y,U,,,,,2
2007091861,,,,,,,,,,,,,,,,,,,,U,N,N,U,1
2007097921,,,,,,,,,,,,,,,,,,,,U,N,N,U,1
2007101043,N,N,U,N,0.0,N,N,Y,N,900.0,,,,,,,,N,N,,,,,2
2007112057,,,,,,,,,,,,,,,,,,,,U,N,N,U,1
2008003913,,,,,,,,,,,,,,,,,,,,U,N,N,U,1
2008008124,U,N,U,N,3.0,Y,Y,N,N,800.0,,,,,,,,N,U,,,,,1
2008016088,,,,,,,,,,,,,,,,,,,,U,N,Y,U,1
2007047124,U,U,U,U,9.0,U,U,U,U,99999.0,,,,,,,,N,N,,,,,2
2007056430,U,U,U,U,9.0,U,U,U,U,99999.0,,,,,,,,N,N,,,,,2
2007056489,U,U,U,N,0.0,N,N,U,U,99999.0,,,,,,,,N,U,,,,,2
2007057431,,,,,,,,,,,,,,,,,,,,U,N,N,U,2
2007066351,,,,,,,,,,,,,,,,,,,,U,N,N,U,2
2007066443,U,U,U,N,0.0,N,N,U,U,1000.0,,,,,,,,N,N,,,,,1
2007080415,,,,,,,,,,,,,,,,,,,,U,U,N,U,1
2007080416,U,U,U,U,9.0,U,U,U,U,99999.0,,,,,,,,N,N,,,,,1
2007091953,,,,,,,,,,,,,,,,,,,,U,U,N,U,2
2007092617,U,U,U,Y,9.0,U,U,U,U,99999.0,,,,,,,,N,U,,,,,1
2007093222,,,,,,,,,,,,,,,,,,,,N,U,N,U,2
2007093546,N,U,U,U,0.0,,,U,U,99999.0,,,,,,,,N,N,,,,,1
2007098511,U,U,U,U,9.0,U,U,U,U,99999.0,,,,,,,,N,U,,,,,2
2007105883,U,U,U,U,9.0,U,U,U,U,99999.0,,,,,,,,N,U,,,,,2
2007106506,,,,,,,,,,,,,,,,,,,,U,N,N,U,2
2007110475,,,,,,,,,,,,,,,,,,,,N,N,N,Y,2
2007116205,U,U,U,U,9.0,U,U,U,U,99999.0,U,U,9.0,U,U,U,U,Y,U,,,,,1
2007124134,,,,,,,,,,,,,,,,,,,,N,N,N,U,2
2007126122,,,,,,,,,,,,,,,,,,,,U,U,N,U,2
2007127652,U,U,U,U,9.0,U,U,U,U,99999.0,U,U,9.0,U,U,U,U,Y,N,,,,,1
2007027965,U,U,U,U,9.0,U,U,U,U,99999.0,,,,,,,,N,U,,,,,2
2007057390,U,U,U,U,9.0,U,U,U,U,99999.0,,,,,,,,N,U,,,,,1
2007071386,,,,,,,,,,,,,,,,,,,,U,U,N,U,1
2007093548,,,,,,,,,,,,,,,,,,,,U,N,N,U,1
2007093551,N,N,N,N,0.0,N,N,N,N,99999.0,N,N,0.0,N,N,N,N,Y,N,,,,,1
2007106058,U,U,U,U,9.0,U,U,U,U,99999.0,,,,,,,,N,N,,,,,2
2007106580,,,,,,,,,,,,,,,,,,,,U,N,N,U,2
2007106773,,,,,,,,,,,,,,,,,,,,U,N,N,U,2
2007107508,,,,,,,,,,,,,,,,,,,,U,N,N,U,2
2007109128,U,U,U,U,9.0,U,U,U,U,99999.0,,,,,,,,N,U,,,,,1
2009031518,,,,,,,,,,,,,,,,,,,,N,N,N,Y,2
2008008330,,,,,,,,,,,,,,,,,,,,U,U,U,U,2
2007046309,,,,,,,,,,,,,,,,,,,,U,U,N,U,1
2007056415,,,,,,,,,,,,,,,,,,,,U,U,N,U,1
2007099396,U,N,U,N,0.0,N,N,Y,Y,125.0,,,,,,,,N,U,,,,,1
2007106787,,,,,,,,,,,,,,,,,,,,U,U,N,U,2
2007106950,,,,,,,,,,,,,,,,,,,,U,N,N,U,1
2007107747,,,,,,,,,,,,,,,,,,,,U,N,N,U,1
2007120528,U,U,U,U,9.0,U,U,U,U,99999.0,,,,,,,,N,U,,,,,1
2007022816,U,U,U,Y,0.0,N,N,U,U,99999.0,,,,,,,,N,N,,,,,2
2007060621,U,Y,Y,Y,1.0,Y,Y,Y,Y,600.0,,,,,,,,N,U,,,,,1
2007079970,,,,,,,,,,,,,,,,,,,,U,N,N,U,2
2007080157,,,,,,,,,,,,,,,,,,,,U,N,N,U,2
2007091926,U,U,U,N,0.0,N,N,U,U,99999.0,,,,,,,,N,U,,,,,1
2007093444,,,,,,,,,,,,,,,,,,,,U,N,N,U,1
2007094962,,,,,,,,,,,,,,,,,,,,N,N,N,Y,2
2007098129,,,,,,,,,,,,,,,,,,,,U,N,N,U,2
2007098302,,,,,,,,,,,,,,,,,,,,U,N,N,U,2
2007105875,,,,,,,,,,,,,,,,,,,,N,N,N,U,2
2007107525,,,,,,,,,,,,,,,,,,,,U,N,N,U,1
2007109650,,,,,,,,,,,,,,,,,,,,U,N,N,U,1
2007057032,U,U,U,U,9.0,U,U,U,U,99999.0,,,,,,,,N,N,,,,,2
2007065770,,,,,,,,,,,,,,,,,,,,U,N,N,U,2
2007066239,,,,,,,,,,,,,,,,,,,,U,U,N,U,2
2007066525,,,,,,,,,,,,,,,,,,,,U,N,N,U,2
2007080404,,,,,,,,,,,,,,,,,,,,U,N,N,U,2
2007080822,,,,,,,,,,,,,,,,,,,,U,U,N,U,2
2007082497,U,U,U,Y,0.0,N,N,U,U,99999.0,,,,,,,,N,U,,,,,1
2007093459,,,,,,,,,,,,,,,,,,,,U,U,N,U,2
2007097475,,,,,,,,,,,,,,,,,,,,U,N,N,U,2
2007105981,,,,,,,,,,,,,,,,,,,,U,Y,N,U,2
2007117300,,,,,,,,,,,,,,,,,,,,N,N,N,U,2
2007120651,,,,,,,,,,,,,,,,,,,,U,U,N,U,1
2007046459,U,U,U,U,9.0,U,U,U,U,99999.0,,,,,,,,N,U,,,,,2
2007060920,N,N,N,N,0.0,,,N,N,99999.0,,,,,,,,N,N,,,,,1
2007080939,,,,,,,,,,,,,,,,,,,,U,U,N,U,1
2007096720,U,U,U,U,9.0,U,U,U,U,99999.0,,,,,,,,N,U,,,,,1
2007097811,N,N,U,Y,1.0,U,Y,Y,N,99999.0,,,,,,,,N,N,,,,,1
2007098729,,,,,,,,,,,,,,,,,,,,N,N,Y,N,1
2007099641,,,,,,,,,,,,,,,,,,,,U,N,N,U,2
2007106481,,,,,,,,,,,,,,,,,,,,U,N,N,U,2
2007107031,,,,,,,,,,,,,,,,,,,,U,U,N,U,2
2007116667,U,U,U,N,0.0,N,N,U,U,99999.0,,,,,,,,N,U,,,,,2
2008016743,,,,,,,,,,,,,,,,,,,,U,U,N,U,1
2008036980,,,,,,,,,,,,,,,,,,,,U,N,N,U,2
2007056477,,,,,,,,,,,,,,,,,,,,U,U,N,U,1
2007067668,U,U,U,N,0.0,N,N,U,U,99999.0,U,N,0.0,N,N,U,U,Y,U,,,,,2
2007079924,,,,,,,,,,,,,,,,,,,,U,N,N,U,2
2007082457,U,U,U,N,0.0,N,N,U,U,99999.0,U,U,9.0,U,U,U,U,Y,U,,,,,2
2007092759,U,Y,U,N,1.0,U,U,Y,Y,99999.0,,,,,,,,N,U,,,,,1
2007093553,,,,,,,,,,,,,,,,,,,,U,Y,N,U,1
2007095374,U,U,U,U,9.0,U,U,U,U,99999.0,,,,,,,,N,U,,,,,1
2007098492,,,,,,,,,,,,,,,,,,,,N,Y,N,N,2
2007098499,,,,,,,,,,,,,,,,,,,,U,N,N,U,2
2007107052,,,,,,,,,,,,,,,,,,,,U,U,N,U,2
2007107512,U,U,U,U,9.0,U,U,U,U,99999.0,,,,,,,,N,U,,,,,1
2007107783,,,,,,,,,,,,,,,,,,,,U,U,N,U,1
2007114046,N,Y,U,N,0.0,N,N,Y,N,750.0,,,,,,,,N,N,,,,,1
2007120098,U,U,U,U,9.0,U,U,U,U,99999.0,,,,,,,,N,U,,,,,1
2007120656,,,,,,,,,,,,,,,,,,,,U,N,N,U,1
2007120705,,,,,,,,,,,,,,,,,,,,U,N,N,U,2
2007120953,,,,,,,,,,,,,,,,,,,,U,N,N,U,2
2007022308,U,U,U,U,9.0,U,U,U,U,99999.0,,,,,,,,N,U,,,,,2
2007071348,,,,,,,,,,,,,,,,,,,,U,N,N,U,2
2007081308,U,U,U,U,9.0,U,U,U,U,99999.0,,,,,,,,N,U,,,,,1
2007092322,,,,,,,,,,,,,,,,,,,,U,N,N,U,2
2007093550,N,U,Y,Y,0.0,,,U,U,1200.0,,,,,,,,N,N,,,,,1
2007096684,U,U,U,U,9.0,U,U,U,U,99999.0,,,,,,,,N,U,,,,,1
2007097910,,,,,,,,,,,,,,,,,,,,N,N,U,U,1
2007105930,U,U,U,U,0.0,N,N,U,U,99999.0,,,,,,,,N,U,,,,,2
2007107514,U,U,U,N,0.0,N,N,U,U,99999.0,,,,,,,,N,U,,,,,1
2007107552,,,,,,,,,,,,,,,,,,,,U,N,N,U,1
2007107838,,,,,,,,,,,,,,,,,,,,U,Y,N,U,2
2007111499,U,U,U,U,9.0,U,U,U,U,99999.0,,,,,,,,N,U,,,,,2
2007120249,U,U,U,U,9.0,U,U,U,U,99999.0,,,,,,,,N,U,,,,,2
2008024231,,,,,,,,,,,,,,,,,,,,U,Y,N,U,2
2007066547,,,,,,,,,,,,,,,,,,,,N,N,N,Y,1
2007080126,,,,,,,,,,,,,,,,,,,,U,N,N,U,2
2007084609,,,,,,,,,,,,,,,,,,,,U,N,N,U,1
2007111461,U,U,U,U,9.0,U,U,U,U,99999.0,,,,,,,,N,U,,,,,2
2007112063,N,N,U,Y,2.0,Y,Y,N,Y,1300.0,N,Y,1.0,Y,Y,N,N,Y,N,,,,,2
2008005956,U,U,U,N,9.0,U,U,U,U,99999.0,,,,,,,,N,U,,,,,2
2008016359,,,,,,,,,,,,,,,,,,,,U,U,N,U,2
2007028008,,,,,,,,,,,,,,,,,,,,U,N,N,U,2
2007067191,,,,,,,,,,,,,,,,,,,,U,U,N,U,2
2007080414,,,,,,,,,,,,,,,,,,,,U,N,N,U,2
2007081549,,,,,,,,,,,,,,,,,,,,U,U,N,U,2
2007081591,,,,,,,,,,,,,,,,,,,,U,N,Y,U,1
2007092768,U,U,U,U,9.0,U,U,U,U,99999.0,,,,,,,,N,U,,,,,2
2007106583,,,,,,,,,,,,,,,,,,,,U,N,N,U,1
2007107513,,,,,,,,,,,,,,,,,,,,U,Y,N,U,2
2007107829,,,,,,,,,,,,,,,,,,,,U,N,N,U,2
2007120606,,,,,,,,,,,,,,,,,,,,U,U,N,U,2
2007126524,U,U,U,N,0.0,N,N,U,U,99999.0,,,,,,,,N,U,,,,,1
2008007332,,,,,,,,,,,,,,,,,,,,N,Y,N,U,2
2008032534,,,,,,,,,,,,,,,,,,,,U,U,N,U,2
2007022737,,,,,,,,,,,,,,,,,,,,U,U,N,U,2
2007056537,U,U,U,U,9.0,U,U,U,U,99999.0,,,,,,,,N,U,,,,,1
2007056848,U,U,U,Y,0.0,N,N,U,U,99999.0,,,,,,,,N,N,,,,,2
2007066254,U,U,U,N,0.0,N,N,U,U,99999.0,,,,,,,,N,U,,,,,1
2007067327,,,,,,,,,,,,,,,,,,,,U,Y,N,U,1
2007067405,Y,U,U,U,9.0,U,U,U,U,99999.0,,,,,,,,N,U,,,,,1
2007067654,U,U,U,Y,9.0,U,U,U,U,99999.0,,,,,,,,N,U,,,,,2
2007079925,N,U,U,U,9.0,U,U,U,U,99999.0,,,,,,,,N,N,,,,,1
2007079943,,,,,,,,,,,,,,,,,,,,U,N,N,U,1
2007079992,U,U,U,N,0.0,N,N,U,U,99999.0,,,,,,,,N,U,,,,,1
2007084592,U,U,Y,U,9.0,U,U,N,N,1300.0,,,,,,,,N,N,,,,,2
2007098607,,,,,,,,,,,,,,,,,,,,U,N,N,U,2
2007107832,U,U,U,U,9.0,U,U,U,U,99999.0,,,,,,,,N,U,,,,,1
2007109649,U,U,U,Y,9.0,U,U,U,U,99999.0,U,Y,9.0,U,U,U,U,Y,U,,,,,1
2007120850,N,N,N,N,0.0,,,Y,N,90.0,,,,,,,,N,N,,,,,1
2007125116,,,,,,,,,,,,,,,,,,,,U,U,N,U,1
2008006450,U,U,U,U,9.0,U,U,U,U,99999.0,,,,,,,,N,U,,,,,1
2008016464,,,,,,,,,,,,,,,,,,,,U,N,N,U,2
2008018069,U,U,U,N,0.0,N,N,U,U,99999.0,,,,,,,,N,U,,,,,1
2007047811,,,,,,,,,,,,,,,,,,,,U,U,N,U,2
2007047859,,,,,,,,,,,,,,,,,,,,U,U,N,U,2
2007058645,,,,,,,,,,,,,,,,,,,,N,Y,N,N,2
2007066546,,,,,,,,,,,,,,,,,,,,U,U,N,U,2
2007067184,U,U,U,Y,9.0,U,U,U,U,99999.0,,,,,,,,N,U,,,,,1
2007081564,,,,,,,,,,,,,,,,,,,,U,U,N,U,1
2007093139,,,,,,,,,,,,,,,,,,,,U,N,N,U,1
2007093172,,,,,,,,,,,,,,,,,,,,U,U,N,U,2
2007093581,,,,,,,,,,,,,,,,,,,,U,N,N,U,1
2007094958,,,,,,,,,,,,,,,,,,,,U,N,N,U,1
2007099359,U,U,U,U,9.0,U,U,U,U,99999.0,,,,,,,,N,U,,,,,1
2007120277,U,U,U,U,9.0,U,U,U,U,99999.0,,,,,,,,N,U,,,,,2
2007120638,,,,,,,,,,,,,,,,,,,,U,U,N,U,2
2007120729,,,,,,,,,,,,,,,,,,,,N,U,N,U,3
2008031902,N,N,U,N,0.0,N,N,Y,N,99999.0,,,,,,,,N,N,,,,,2
2007045175,,,,,,,,,,,,,,,,,,,,U,N,N,U,2
2007045741,,,,,,,,,,,,,,,,,,,,N,N,Y,Y,2
2007046875,,,,,,,,,,,,,,,,,,,,U,N,N,U,2
2007066361,,,,,,,,,,,,,,,,,,,,U,N,N,U,1
2007067149,U,U,U,U,9.0,U,U,U,U,99999.0,,,,,,,,N,U,,,,,1
2007080144,U,U,U,N,0.0,N,N,U,U,99999.0,,,,,,,,N,N,,,,,2
2007080890,U,U,U,U,1.0,U,U,U,U,99999.0,,,,,,,,U,U,,,,,2
2007081499,,,,,,,,,,,,,,,,,,,,U,U,N,U,1
2007082473,,,,,,,,,,,,,,,,,,,,U,N,U,U,2
2007091985,,,,,,,,,,,,,,,,,,,,U,N,N,U,2
2007099357,N,U,U,U,0.0,N,N,Y,Y,99999.0,,,,,,,,N,N,,,,,1
2007106165,,,,,,,,,,,,,,,,,,,,U,Y,N,U,2
2007106791,,,,,,,,,,,,,,,,,,,,N,N,N,U,2
2007111901,,,,,,,,,,,,,,,,,,,,U,Y,N,U,2
2007124107,,,,,,,,,,,,,,,,,,,,U,N,N,U,1
2007126481,U,U,U,U,9.0,U,U,U,U,99999.0,,,,,,,,N,U,,,,,2
2007022169,,,,,,,,,,,,,,,,,,,,U,N,N,U,1
2007056489,U,U,U,N,0.0,N,N,U,U,99999.0,,,,,,,,N,U,,,,,1
2007066422,,,,,,,,,,,,,,,,,,,,U,N,N,U,1
2007066483,,,,,,,,,,,,,,,,,,,,U,U,N,U,1
2007067089,,,,,,,,,,,,,,,,,,,,U,U,N,U,2
2007067227,,,,,,,,,,,,,,,,,,,,U,N,N,U,1
2007095356,,,,,,,,,,,,,,,,,,,,N,N,Y,N,2
2007098496,,,,,,,,,,,,,,,,,,,,U,U,N,U,2
2007098987,,,,,,,,,,,,,,,,,,,,U,U,Y,U,2
2007106792,,,,,,,,,,,,,,,,,,,,N,U,N,U,1
2007111627,U,U,U,U,9.0,U,U,U,U,99999.0,,,,,,,,N,U,,,,,1
2010058776,,,,,,,,,,,,,,,,,,,,U,U,Y,U,1
2008018072,U,U,U,U,0.0,N,N,U,U,99999.0,,,,,,,,U,U,,,,,1
2007045681,,,,,,,,,,,,,,,,,,,,U,U,N,U,2
2007067843,,,,,,,,,,,,,,,,,,,,N,Y,N,Y,2
2007075239,U,Y,U,Y,2.0,Y,Y,Y,Y,99999.0,,,,,,,,N,U,,,,,1
2007080868,N,N,N,N,0.0,,,Y,N,99999.0,,,,,,,,N,N,,,,,1
2007080995,U,U,U,U,9.0,U,U,U,U,99999.0,,,,,,,,U,U,,,,,1
2007081544,,,,,,,,,,,,,,,,,,,,U,U,N,U,2
2007084724,U,U,U,U,1.0,Y,N,U,U,750.0,,,,,,,,N,U,,,,,2
2007092318,U,U,U,N,0.0,N,N,U,U,99999.0,,,,,,,,N,U,,,,,1
2007092604,,,,,,,,,,,,,,,,,,,,U,N,N,U,1
2007092617,,,,,,,,,,,,,,,,,,,,U,N,N,U,2
2007092793,N,Y,U,U,1.0,U,N,Y,N,99999.0,,,,,,,,N,N,,,,,1
2007095375,U,U,U,U,9.0,U,U,U,U,99999.0,,,,,,,,N,U,,,,,1
2007097850,N,Y,Y,Y,1.0,U,Y,Y,Y,99999.0,Y,Y,1.0,U,Y,Y,Y,Y,N,,,,,1
2007099336,,,,,,,,,,,,,,,,,,,,U,Y,N,U,1
2007117231,,,,,,,,,,,,,,,,,,,,N,N,N,U,2
2007120710,U,U,U,N,0.0,N,N,U,U,99999.0,,,,,,,,N,N,,,,,2
2008017504,,,,,,,,,,,,,,,,,,,,U,N,N,N,2
2007022694,,,,,,,,,,,,,,,,,,,,U,U,N,U,2
2007027659,,,,,,,,,,,,,,,,,,,,N,N,Y,U,2
2007045682,U,U,U,Y,1.0,U,U,U,U,999.0,,,,,,,,N,N,,,,,2
2007056182,N,U,U,Y,1.0,U,Y,Y,Y,99999.0,,,,,,,,N,N,,,,,1
2007056418,U,U,U,U,9.0,U,U,U,U,99999.0,,,,,,,,N,N,,,,,1
2007065784,,,,,,,,,,,,,,,,,,,,U,U,N,U,2
2007067098,,,,,,,,,,,,,,,,,,,,U,N,N,U,1
2007080825,N,Y,U,U,0.0,U,U,Y,Y,750.0,,,,,,,,N,N,,,,,1
2007081082,,,,,,,,,,,,,,,,,,,,N,N,N,Y,2
2007081840,,,,,,,,,,,,,,,,,,,,U,N,N,U,2
2007082496,U,U,U,U,9.0,U,U,U,U,99999.0,,,,,,,,N,U,,,,,1
2007082515,,,,,,,,,,,,,,,,,,,,U,N,N,U,2
2007093153,N,Y,N,Y,1.0,U,Y,Y,Y,600.0,,,,,,,,N,N,,,,,1
2007099068,U,U,U,N,0.0,N,N,U,U,99999.0,,,,,,,,N,U,,,,,1
2007106571,U,U,U,U,9.0,U,U,U,U,99999.0,,,,,,,,N,U,,,,,2
2007107112,U,U,U,N,9.0,U,U,U,U,99999.0,,,,,,,,N,U,,,,,2
2007110853,,,,,,,,,,,,,,,,,,,,U,N,N,U,1
2007116955,,,,,,,,,,,,,,,,,,,,U,U,N,U,2
2007056773,U,U,U,U,9.0,U,U,U,U,99999.0,,,,,,,,N,N,,,,,1
2007057200,N,N,U,N,0.0,N,N,Y,U,99999.0,,,,,,,,N,N,,,,,1
2007066286,,,,,,,,,,,,,,,,,,,,U,N,N,U,1
2007066499,,,,,,,,,,,,,,,,,,,,U,U,N,U,1
2007066515,,,,,,,,,,,,,,,,,,,,U,U,N,U,2
2007080225,,,,,,,,,,,,,,,,,,,,U,U,N,U,2
2007080276,,,,,,,,,,,,,,,,,,,,U,U,N,U,1
2007080941,U,U,U,U,9.0,U,U,U,U,99999.0,,,,,,,,N,U,,,,,1
2007081685,,,,,,,,,,,,,,,,,,,,U,N,N,U,2
2007081744,U,U,U,U,9.0,U,U,U,U,99999.0,,,,,,,,N,U,,,,,1
2007092185,U,U,N,U,9.0,U,U,U,U,99999.0,,,,,,,,N,U,,,,,1
2007093437,,,,,,,,,,,,,,,,,,,,U,Y,N,U,2
2007093759,,,,,,,,,,,,,,,,,,,,U,Y,N,U,2
2007098979,U,U,U,U,9.0,U,U,U,U,99999.0,,,,,,,,U,U,,,,,2
2007106052,U,U,U,U,9.0,U,U,U,U,99999.0,,,,,,,,N,N,,,,,2
2007106360,,,,,,,,,,,,,,,,,,,,U,N,N,U,1
2007106803,U,U,U,U,9.0,U,U,U,U,99999.0,,,,,,,,N,U,,,,,1
2007116619,,,,,,,,,,,,,,,,,,,,U,N,N,U,2
2007120248,U,U,U,N,0.0,N,N,U,U,99999.0,U,N,0.0,N,N,U,U,Y,U,,,,,2
2007056827,U,U,U,U,9.0,U,U,U,U,99999.0,,,,,,,,N,U,,,,,2
2007070124,Y,Y,Y,Y,2.0,Y,Y,Y,Y,1440.0,,,,,,,,N,N,,,,,2
2007080084,,,,,,,,,,,,,,,,,,,,U,N,N,U,2
2007081594,,,,,,,,,,,,,,,,,,,,U,U,U,U,2
2007082571,Y,Y,U,Y,1.0,Y,Y,Y,Y,900.0,U,Y,1.0,Y,Y,Y,Y,Y,U,,,,,2
2007084606,U,U,U,U,9.0,U,U,U,U,99999.0,,,,,,,,N,U,,,,,2
2007084719,,,,,,,,,,,,,,,,,,,,N,N,N,N,1
2007091865,U,U,U,N,0.0,N,N,U,U,99999.0,U,N,0.0,N,N,U,U,Y,U,,,,,1
2007095039,U,U,U,N,0.0,N,N,U,U,99999.0,,,,,,,,N,U,,,,,2
2007095286,U,U,U,U,9.0,U,U,U,U,99999.0,,,,,,,,N,U,,,,,2
2007106789,,,,,,,,,,,,,,,,,,,,U,Y,N,Y,2
2007106804,N,N,N,N,0.0,,,N,N,99999.0,,,,,,,,N,N,,,,,1
2008004852,U,U,U,U,9.0,U,U,U,U,99999.0,,,,,,,,N,U,,,,,2
2008032975,,,,,,,,,,,,,,,,,,,,U,U,N,U,1
2008057349,U,U,U,N,0.0,N,N,U,U,99999.0,,,,,,,,N,U,,,,,2
2007023126,,,,,,,,,,,,,,,,,,,,U,N,N,U,1
2007027987,U,U,U,N,0.0,N,N,U,U,99999.0,,,,,,,,N,U,,,,,1
2007067179,,,,,,,,,,,,,,,,,,,,U,N,N,U,2
2007080959,,,,,,,,,,,,,,,,,,,,U,U,N,U,2
2007092172,,,,,,,,,,,,,,,,,,,,U,N,N,U,1
2007093196,,,,,,,,,,,,,,,,,,,,U,U,N,U,2
2007093424,,,,,,,,,,,,,,,,,,,,U,N,N,U,1
2007097804,U,U,U,U,9.0,U,U,U,U,99999.0,U,U,9.0,U,U,U,U,Y,U,,,,,1
2007120614,U,U,Y,N,0.0,N,N,U,U,99999.0,,,,,,,,N,N,,,,,1
2007123784,,,,,,,,,,,,,,,,,,,,U,N,N,U,2
2008006468,U,U,U,N,0.0,N,N,U,U,99999.0,,,,,,,,N,U,,,,,1
2008007589,U,U,U,N,0.0,N,N,U,U,99999.0,,,,,,,,N,U,,,,,1
2008023897,,,,,,,,,,,,,,,,,,,,U,U,N,U,1
2008033026,U,U,U,U,9.0,U,Y,U,U,1000.0,,,,,,,,N,U,,,,,1
2007046454,,,,,,,,,,,,,,,,,,,,U,U,N,U,2
2007056545,U,U,U,U,9.0,U,U,U,U,99999.0,,,,,,,,N,U,,,,,1
2007058047,U,U,U,Y,0.0,N,N,U,U,99999.0,,,,,,,,N,N,,,,,2
2007066397,U,U,U,U,9.0,U,U,U,U,99999.0,,,,,,,,N,U,,,,,1
2007079963,U,U,U,U,9.0,U,U,U,U,99999.0,,,,,,,,N,U,,,,,2
2007093168,,,,,,,,,,,,,,,,,,,,U,N,N,U,2
2007093378,,,,,,,,,,,,,,,,,,,,U,N,N,U,2
2007095112,,,,,,,,,,,,,,,,,,,,U,U,N,U,2
2007098715,U,U,U,N,0.0,N,N,U,U,99999.0,,,,,,,,N,U,,,,,1
2007117298,,,,,,,,,,,,,,,,,,,,U,N,N,U,2
2007124145,U,U,U,Y,9.0,U,U,U,U,99999.0,,,,,,,,N,U,,,,,2
2008033779,,,,,,,,,,,,,,,,,,,,U,U,N,U,1
2008034309,,,,,,,,,,,,,,,,,,,,U,U,N,U,1
2007022523,,,,,,,,,,,,,,,,,,,,U,N,N,U,2
2007047557,N,U,N,U,9.0,U,U,N,U,99999.0,,,,,,,,N,N,,,,,1
2007066507,U,U,U,U,9.0,U,U,U,U,99999.0,,,,,,,,N,N,,,,,2
2007066527,,,,,,,,,,,,,,,,,,,,U,N,N,U,2
2007081684,,,,,,,,,,,,,,,,,,,,U,N,N,U,2
2007082251,,,,,,,,,,,,,,,,,,,,U,N,N,U,1
2007091912,,,,,,,,,,,,,,,,,,,,U,N,N,U,2
2007095554,N,U,N,U,0.0,,,U,U,99999.0,N,U,0.0,N,N,U,U,Y,N,,,,,1
2007097803,,,,,,,,,,,,,,,,,,,,U,U,N,U,2
2007099006,U,U,N,U,9.0,U,U,U,U,99999.0,,,,,,,,N,U,,,,,2
2007099327,N,U,U,N,0.0,,,U,U,99999.0,,,,,,,,N,N,,,,,1
2007099406,U,U,U,N,0.0,N,N,U,U,99999.0,,,,,,,,N,N,,,,,1
2007113857,U,U,U,U,9.0,U,U,U,U,99999.0,,,,,,,,N,U,,,,,2
2007023185,N,U,Y,Y,1.0,Y,U,Y,Y,900.0,,,,,,,,N,N,,,,,1
2007047703,U,U,U,U,9.0,U,U,U,U,99999.0,,,,,,,,N,U,,,,,2
2007058141,U,U,U,Y,9.0,Y,Y,U,U,99999.0,,,,,,,,N,U,,,,,1
2007066325,U,U,N,Y,3.0,U,Y,Y,Y,99999.0,,,,,,,,N,N,,,,,1
2007067652,U,U,U,U,9.0,U,U,U,U,99999.0,,,,,,,,N,U,,,,,2
2007067663,Y,Y,U,N,0.0,,,Y,Y,99999.0,,,,,,,,N,N,,,,,1
2007080001,,,,,,,,,,,,,,,,,,,,U,U,N,U,2
2007080019,U,U,U,U,9.0,U,U,U,U,99999.0,,,,,,,,U,U,,,,,1
2007080090,U,U,U,N,0.0,N,N,U,U,99999.0,,,,,,,,N,N,,,,,1
2007081498,U,U,U,U,9.0,U,U,U,U,99999.0,,,,,,,,N,U,,,,,1
2007081709,,,,,,,,,,,,,,,,,,,,N,N,N,Y,2
2007081771,U,U,U,U,9.0,U,U,U,U,99999.0,,,,,,,,N,U,,,,,2
2007081848,U,U,U,U,9.0,U,U,U,U,99999.0,,,,,,,,N,U,,,,,1
2007082935,,,,,,,,,,,,,,,,,,,,U,Y,N,U,1
2007091899,U,U,U,U,9.0,U,U,U,U,99999.0,U,N,0.0,N,N,U,U,Y,U,,,,,2
2007092180,U,U,U,Y,9.0,U,U,U,U,99999.0,,,,,,,,N,U,,,,,1
2007092606,,,,,,,,,,,,,,,,,,,,U,N,N,U,1
2007092884,U,U,U,N,0.0,N,N,U,U,99999.0,U,N,0.0,N,N,U,U,Y,U,,,,,1
2007095526,,,,,,,,,,,,,,,,,,,,N,N,N,U,2
2007098608,,,,,,,,,,,,,,,,,,,,U,N,N,U,2
2007103252,,,,,,,,,,,,,,,,,,,,N,N,N,U,2
2007105982,,,,,,,,,,,,,,,,,,,,U,U,N,U,2
2007106367,,,,,,,,,,,,,,,,,,,,U,N,N,U,1
2007108839,,,,,,,,,,,,,,,,,,,,U,N,N,U,1
2007123829,,,,,,,,,,,,,,,,,,,,U,N,N,U,1
2008006613,,,,,,,,,,,,,,,,,,,,N,N,N,N,2
2007047603,U,U,U,U,9.0,U,U,U,U,99999.0,,,,,,,,N,U,,,,,1
2007056437,,,,,,,,,,,,,,,,,,,,U,U,N,U,2
2007056824,U,U,U,N,0.0,N,N,U,U,99999.0,,,,,,,,N,N,,,,,1
2007066500,,,,,,,,,,,,,,,,,,,,U,U,N,U,2
2007066501,,,,,,,,,,,,,,,,,,,,U,U,N,U,2
2007066684,,,,,,,,,,,,,,,,,,,,U,U,N,U,2
2007067256,,,,,,,,,,,,,,,,,,,,U,U,N,U,5
2007081489,,,,,,,,,,,,,,,,,,,,U,U,N,U,1
2007082484,U,U,U,N,0.0,N,N,U,U,400.0,,,,,,,,N,U,,,,,1
2007097911,U,U,U,U,9.0,U,U,U,U,99999.0,,,,,,,,N,U,,,,,1
2007099133,U,U,U,N,0.0,N,N,U,U,99999.0,U,N,0.0,N,N,U,U,Y,N,,,,,1
2007107771,,,,,,,,,,,,,,,,,,,,U,N,N,U,1
2007109134,,,,,,,,,,,,,,,,,,,,U,U,N,U,2
2008023729,,,,,,,,,,,,,,,,,,,,U,U,N,U,1
2008059814,N,Y,Y,Y,1.0,Y,Y,Y,Y,1200.0,U,U,9.0,U,U,U,U,N,N,,,,,1
2007056891,,,,,,,,,,,,,,,,,,,,U,N,N,U,2
2007066260,,,,,,,,,,,,,,,,,,,,U,N,N,U,1
2007066523,,,,,,,,,,,,,,,,,,,,U,N,N,U,1
2007067241,,,,,,,,,,,,,,,,,,,,U,N,N,U,2
2007067402,N,N,N,Y,3.0,Y,Y,Y,Y,750.0,,,,,,,,N,N,,,,,1
2007080173,,,,,,,,,,,,,,,,,,,,U,U,N,U,1
2007080924,,,,,,,,,,,,,,,,,,,,N,N,N,Y,2
2007082222,,,,,,,,,,,,,,,,,,,,U,N,N,U,1
2007092791,U,U,U,U,9.0,U,U,U,U,99999.0,,,,,,,,N,U,,,,,1
2007106585,,,,,,,,,,,,,,,,,,,,U,N,N,U,1
2011053448,,,,,,,,,,,,,,,,,,,,U,U,N,U,2
2008018076,,,,,,,,,,,,,,,,,,,,U,U,N,U,2
2007056881,,,,,,,,,,,,,,,,,,,,U,N,N,U,1
2007057401,U,U,U,U,9.0,U,U,U,U,99999.0,,,,,,,,N,U,,,,,1
2007081035,,,,,,,,,,,,,,,,,,,,U,N,N,U,2
2007081669,U,U,U,U,9.0,U,U,U,U,99999.0,,,,,,,,N,U,,,,,1
2007082200,,,,,,,,,,,,,,,,,,,,U,N,N,U,1
2007082226,,,,,,,,,,,,,,,,,,,,U,U,N,U,2
2007092341,,,,,,,,,,,,,,,,,,,,U,N,N,U,1
2007093599,N,N,N,N,0.0,,,Y,N,1300.0,,,,,,,,N,N,,,,,1
2008003752,U,U,U,U,9.0,U,U,U,U,99999.0,,,,,,,,U,U,,,,,1
2008007278,U,U,U,Y,9.0,U,U,U,U,99999.0,,,,,,,,N,N,,,,,1
2008009187,U,U,U,U,9.0,U,U,U,U,99999.0,,,,,,,,N,U,,,,,1
2007080005,,,,,,,,,,,,,,,,,,,,U,N,N,U,2
2007080008,,,,,,,,,,,,,,,,,,,,U,U,N,U,2
2007081079,U,U,U,U,9.0,U,U,U,U,99999.0,,,,,,,,U,U,,,,,2
2007081130,,,,,,,,,,,,,,,,,,,,U,N,N,U,2
2007092597,,,,,,,,,,,,,,,,,,,,U,N,N,U,2
2007093171,U,U,U,N,0.0,N,N,U,U,99999.0,,,,,,,,N,U,,,,,1
2007097791,,,,,,,,,,,,,,,,,,,,U,U,N,U,1
2007107066,,,,,,,,,,,,,,,,,,,,U,U,N,U,2
2007115206,N,N,N,N,1.0,Y,Y,Y,Y,1000.0,,,,,,,,N,N,,,,,1
2007126099,,,,,,,,,,,,,,,,,,,,U,N,N,U,2
2008008916,U,U,U,Y,9.0,U,U,U,U,99999.0,,,,,,,,N,U,,,,,1
2007027770,,,,,,,,,,,,,,,,,,,,U,N,N,U,2
2007047657,,,,,,,,,,,,,,,,,,,,U,U,N,U,2
2007066352,,,,,,,,,,,,,,,,,,,,U,N,N,U,2
2007066550,,,,,,,,,,,,,,,,,,,,U,N,N,U,1
2007067102,U,U,U,N,0.0,N,N,U,U,99999.0,,,,,,,,N,U,,,,,1
2007080818,,,,,,,,,,,,,,,,,,,,U,N,Y,U,2
2007081481,,,,,,,,,,,,,,,,,,,,U,U,N,U,2
2007093556,U,N,U,N,9.0,U,U,Y,N,99999.0,,,,,,,,N,U,,,,,1
2007093568,N,Y,N,Y,0.0,Y,,Y,Y,99999.0,,,,,,,,N,N,,,,,2
2007095371,,,,,,,,,,,,,,,,,,,,U,N,N,U,2
2007097809,,,,,,,,,,,,,,,,,,,,U,U,U,U,2
2007097922,,,,,,,,,,,,,,,,,,,,U,N,N,U,2
2007107356,,,,,,,,,,,,,,,,,,,,U,N,N,U,2
2007110850,,,,,,,,,,,,,,,,,,,,U,N,N,U,2
2007120534,,,,,,,,,,,,,,,,,,,,N,N,N,N,2
2007123816,,,,,,,,,,,,,,,,,,,,N,U,N,Y,2
2008007322,,,,,,,,,,,,,,,,,,,,U,U,N,U,1
2007047017,,,,,,,,,,,,,,,,,,,,U,U,N,U,2
2007047714,U,U,U,U,9.0,U,U,U,U,99999.0,,,,,,,,N,U,,,,,1
2007056439,,,,,,,,,,,,,,,,,,,,U,U,N,U,1
2007056846,,,,,,,,,,,,,,,,,,,,U,N,N,U,2
2007082396,U,U,U,U,9.0,U,U,U,U,99999.0,U,U,9.0,U,U,U,U,Y,U,,,,,1
2007092497,U,U,U,U,0.0,N,N,U,U,99999.0,,,,,,,,N,N,,,,,1
2007094984,,,,,,,,,,,,,,,,,,,,U,Y,N,U,1
2007098090,,,,,,,,,,,,,,,,,,,,U,Y,N,U,2
2007098273,U,U,U,N,0.0,N,N,U,U,99999.0,,,,,,,,N,U,,,,,1
2007099066,,,,,,,,,,,,,,,,,,,,N,U,N,U,2
2007107499,,,,,,,,,,,,,,,,,,,,N,Y,N,U,1
2007107964,U,U,U,U,9.0,U,U,U,U,99999.0,,,,,,,,N,N,,,,,2
2007047001,,,,,,,,,,,,,,,,,,,,U,U,N,U,1
2007066385,U,U,U,U,9.0,U,U,U,U,99999.0,,,,,,,,N,U,,,,,1
2007066662,N,N,U,U,9.0,U,U,Y,Y,99999.0,,,,,,,,N,N,,,,,1
2007092073,,,,,,,,,,,,,,,,,,,,U,U,N,U,2
2007092302,,,,,,,,,,,,,,,,,,,,N,N,N,U,2
2007092618,,,,,,,,,,,,,,,,,,,,U,U,N,U,2
2007098822,,,,,,,,,,,,,,,,,,,,U,U,N,U,2
2007099129,,,,,,,,,,,,,,,,,,,,U,N,N,U,2
2007105902,,,,,,,,,,,,,,,,,,,,U,N,N,U,2
2007120642,,,,,,,,,,,,,,,,,,,,U,U,N,U,1
2008024063,,,,,,,,,,,,,,,,,,,,U,N,N,U,2
2007047984,,,,,,,,,,,,,,,,,,,,U,U,N,U,2
2007056409,U,U,U,U,9.0,U,U,U,U,99999.0,,,,,,,,N,N,,,,,1
2007066851,,,,,,,,,,,,,,,,,,,,U,U,N,U,2
2007067200,N,N,U,N,0.0,,,Y,Y,99999.0,,,,,,,,N,N,,,,,2
2007067661,,,,,,,,,,,,,,,,,,,,U,U,N,U,1
2007076019,Y,Y,Y,Y,0.0,,,N,N,750.0,,,,,,,,N,N,,,,,1
2007080108,N,Y,N,Y,1.0,U,Y,Y,Y,600.0,,,,,,,,N,N,,,,,4
2007081349,U,U,U,U,9.0,U,U,U,U,99999.0,,,,,,,,N,U,,,,,1
2007093173,,,,,,,,,,,,,,,,,,,,U,N,N,U,1
2007096622,,,,,,,,,,,,,,,,,,,,U,N,N,U,2
2007099605,,,,,,,,,,,,,,,,,,,,U,U,N,U,2
2007105907,,,,,,,,,,,,,,,,,,,,U,U,N,U,1
2007106565,,,,,,,,,,,,,,,,,,,,N,N,N,U,1
2007107041,,,,,,,,,,,,,,,,,,,,N,N,N,Y,1
2007107224,,,,,,,,,,,,,,,,,,,,U,N,N,U,1
2007107539,,,,,,,,,,,,,,,,,,,,U,N,N,U,2
2007107917,,,,,,,,,,,,,,,,,,,,U,N,N,U,2
2007109128,U,U,U,U,9.0,U,U,U,U,99999.0,,,,,,,,N,U,,,,,2
2007112116,,,,,,,,,,,,,,,,,,,,U,N,N,U,2
2007126480,U,U,U,N,0.0,N,N,U,U,99999.0,,,,,,,,N,U,,,,,2
2008023696,,,,,,,,,,,,,,,,,,,,N,N,N,U,3
2008033036,U,U,Y,U,1.0,U,U,U,U,450.0,,,,,,,,N,N,,,,,1
2008034369,,,,,,,,,,,,,,,,,,,,U,Y,U,U,1
2007056128,,,,,,,,,,,,,,,,,,,,N,N,N,Y,1
2007056769,,,,,,,,,,,,,,,,,,,,U,N,N,U,2
2007067491,U,U,U,Y,9.0,U,U,U,U,99999.0,,,,,,,,N,U,,,,,1
2007080071,,,,,,,,,,,,,,,,,,,,U,N,N,U,1
2007098504,,,,,,,,,,,,,,,,,,,,U,N,N,U,1
2007098538,U,U,U,N,0.0,N,N,U,U,99999.0,U,N,0.0,N,N,U,U,Y,U,,,,,2
2007107008,U,U,U,U,9.0,U,U,U,U,99999.0,,,,,,,,U,U,,,,,1
2007116668,,,,,,,,,,,,,,,,,,,,U,N,N,U,1
2007120589,,,,,,,,,,,,,,,,,,,,U,N,N,U,2
2007120719,,,,,,,,,,,,,,,,,,,,U,N,N,U,2
2007120913,,,,,,,,,,,,,,,,,,,,U,N,N,U,2
